1790335316	stw_mt_hdr_tlab	1000	0	6.9
1790335316	stw_mt_hdr_tlab_nursery	1000	0	8.4
1790335316	stw_mt	1000	0	8.7
1790335316	stw_mt+diag	1000	0	8.8
1790335325	mt_prop	1000	0	1.9
1790335327	layout_prop	1000	0	0.6
1790335325	prop	1000	0	4.6
1790335330	thread_storm	1000	0	4.0
1790335334	stw_mt	1001	0	8.0
1790335342	stw_mt+diag	1001	0	9.5
1790335351	stw_mt_hdr_tlab	1001	0	5.9
1790335357	stw_mt_hdr_tlab_nursery	1001	0	7.1
1790335323	pattern_fuzz	1000	0	47.6
1790335364	pattern_fuzz	1001	0	44.0
1790335408	mt_prop	1001	0	1.9
1790335410	prop	1001	0	4.6
1790335415	layout_prop	1001	0	0.6
1790335325	pattern_fuzz+diag	1000	0	109.3
1790335434	thread_storm	1001	0	4.1
1790335438	stw_mt	1002	0	7.7
1790335446	stw_mt+diag	1002	0	7.8
1790335454	stw_mt_hdr_tlab	1002	0	6.0
1790335460	stw_mt_hdr_tlab_nursery	1002	0	7.4
1790335371	pattern_fuzz+diag	1001	0	109.8
1790335467	pattern_fuzz	1002	0	45.9
1790335513	mt_prop	1002	0	1.9
1790335515	prop	1002	0	4.7
1790335520	layout_prop	1002	0	0.7
1790335481	pattern_fuzz+diag	1002	0	115.4
1790335596	thread_storm	1002	0	4.8
1790335601	stw_mt	1003	0	9.1
1790335610	stw_mt+diag	1003	0	9.0
1790335619	stw_mt_hdr_tlab	1003	0	7.3
1790335328	fuzz	1000	0	300.0
1790335626	stw_mt_hdr_tlab_nursery	1003	0	8.8
1790335628	pattern_fuzz	1003	0	50.5
1790335678	mt_prop	1003	0	2.0
1790335680	prop	1003	0	5.4
1790335686	layout_prop	1003	0	0.8
1790335415	fuzz	1001	0	300.0
1790335716	thread_storm	1003	0	4.7
1790335720	stw_mt	1004	0	8.7
1790335729	stw_mt+diag	1004	0	8.7
1790335738	stw_mt_hdr_tlab	1004	0	5.9
1790335743	stw_mt_hdr_tlab_nursery	1004	0	7.4
1790335635	pattern_fuzz+diag	1003	0	119.2
1790335751	pattern_fuzz	1004	0	48.1
1790335799	mt_prop	1004	0	1.9
1790335801	prop	1004	0	5.3
1790335806	layout_prop	1004	0	0.7
1790335520	fuzz	1002	0	300.0
1790335820	thread_storm	1004	0	4.6
1790335825	stw_mt	1005	0	9.0
1790335834	stw_mt+diag	1005	0	9.3
1790335843	stw_mt_hdr_tlab	1005	0	6.9
1790335850	stw_mt_hdr_tlab_nursery	1005	0	8.7
1790335754	pattern_fuzz+diag	1004	0	119.1
1790335859	pattern_fuzz	1005	0	50.5
1790335909	mt_prop	1005	0	2.0
1790335911	prop	1005	0	5.3
1790335917	layout_prop	1005	0	0.7
1790335686	fuzz	1003	0	300.1
1790335986	thread_storm	1005	0	4.8
1790335991	stw_mt	1006	0	10.0
1790335873	pattern_fuzz+diag	1005	0	133.4
1790336001	stw_mt+diag	1006	0	9.8
1790336007	stw_mt_hdr_tlab	1006	0	7.4
1790336011	stw_mt_hdr_tlab_nursery	1006	0	8.9
1790336014	pattern_fuzz	1006	0	51.5
1790336066	mt_prop	1006	0	2.0
1790336068	prop	1006	0	5.4
1790336073	layout_prop	1006	0	0.7
1790335807	fuzz	1004	0	300.0
1790336107	thread_storm	1006	0	4.8
1790336112	stw_mt	1007	0	9.3
1790336121	stw_mt+diag	1007	0	10.5
1790336132	stw_mt_hdr_tlab	1007	0	7.1
1790336020	pattern_fuzz+diag	1006	0	128.0
1790336139	stw_mt_hdr_tlab_nursery	1007	0	10.4
1790336148	pattern_fuzz	1007	0	53.7
1790336202	mt_prop	1007	0	2.0
1790336204	prop	1007	0	5.9
1790336210	layout_prop	1007	0	0.8
1790335917	fuzz	1005	0	300.0
1790336217	thread_storm	1007	0	4.7
1790336222	stw_mt	1008	0	11.2
1790336233	stw_mt+diag	1008	0	10.0
1790336243	stw_mt_hdr_tlab	1008	0	6.9
1790336250	stw_mt_hdr_tlab_nursery	1008	0	8.8
1790336149	pattern_fuzz+diag	1007	0	129.1
1790336259	pattern_fuzz	1008	0	51.7
1790336311	mt_prop	1008	0	1.9
1790336313	prop	1008	0	5.4
1790336318	layout_prop	1008	0	0.8
1790336074	fuzz	1006	0	300.0
1790336374	thread_storm	1008	0	5.1
1790336379	stw_mt	1009	0	9.5
1790336388	stw_mt+diag	1009	0	10.3
1790336278	pattern_fuzz+diag	1008	0	125.3
1790336399	stw_mt_hdr_tlab	1009	0	6.7
1790336404	stw_mt_hdr_tlab_nursery	1009	0	7.5
1790336405	pattern_fuzz	1009	0	46.6
1790336452	mt_prop	1009	0	1.9
1790336454	prop	1009	0	4.9
1790336459	layout_prop	1009	0	0.7
1790336210	fuzz	1007	0	300.0
1790336510	thread_storm	1009	0	4.2
1790336515	stw_mt	1010	0	8.0
1790336411	pattern_fuzz+diag	1009	0	114.4
1790336526	stw_mt_hdr_tlab	1010	1	1.2
1790336523	stw_mt+diag	1010	0	8.2
1790336527	stw_mt_hdr_tlab_nursery	1010	0	7.8
1790336531	pattern_fuzz	1010	0	47.8
1790336579	mt_prop	1010	0	1.9
1790336581	prop	1010	0	4.8
1790336585	layout_prop	1010	0	0.7
1790336319	fuzz	1008	0	300.0
1790336619	thread_storm	1010	0	4.2
1790336623	stw_mt	1011	0	8.0
1790336631	stw_mt+diag	1011	0	8.2
1790336639	stw_mt_hdr_tlab	1011	0	6.7
1790336535	pattern_fuzz+diag	1010	0	116.3
1790336646	stw_mt_hdr_tlab_nursery	1011	0	8.0
1790336651	pattern_fuzz	1011	0	47.3
1790336698	mt_prop	1011	0	1.9
1790336700	prop	1011	0	4.7
1790336705	layout_prop	1011	0	0.6
1790336460	fuzz	1009	0	300.0
1790336760	thread_storm	1011	0	4.1
1790336654	pattern_fuzz+diag	1011	0	114.9
1790336764	stw_mt	1012	0	7.9
1790336769	stw_mt+diag	1012	0	8.3
1790336772	stw_mt_hdr_tlab	1012	0	6.3
1790336777	stw_mt_hdr_tlab_nursery	1012	0	7.6
1790336778	pattern_fuzz	1012	0	47.1
1790336825	mt_prop	1012	0	1.9
1790336827	prop	1012	0	4.8
1790336832	layout_prop	1012	0	0.6
1790336586	fuzz	1010	0	300.0
1790336886	thread_storm	1012	0	4.1
1790336785	pattern_fuzz+diag	1012	0	112.9
1790336890	stw_mt	1013	0	7.7
1790336898	stw_mt_hdr_tlab	1013	0	6.2
1790336898	stw_mt+diag	1013	0	8.0
1790336904	stw_mt_hdr_tlab_nursery	1013	0	7.5
1790336906	pattern_fuzz	1013	0	47.4
1790336953	mt_prop	1013	0	1.9
1790336955	prop	1013	0	5.3
1790336960	layout_prop	1013	0	0.7
1790336705	fuzz	1011	0	300.0
1790337005	thread_storm	1013	0	4.1
1790337009	stw_mt	1014	0	7.6
1790336911	pattern_fuzz+diag	1013	0	113.0
1790337017	stw_mt+diag	1014	0	7.7
1790337025	stw_mt_hdr_tlab	1014	0	6.4
1790337025	stw_mt_hdr_tlab_nursery	1014	0	7.9
1790337031	pattern_fuzz	1014	0	47.7
1790337079	mt_prop	1014	0	1.9
1790337081	prop	1014	0	5.0
1790337086	layout_prop	1014	0	0.7
1790336832	fuzz	1012	0	300.0
1790337132	thread_storm	1014	0	4.9
1790337137	stw_mt	1015	0	9.9
1790337033	pattern_fuzz+diag	1014	0	121.8
1790337147	stw_mt+diag	1015	0	10.4
1790337154	stw_mt_hdr_tlab	1015	0	6.8
1790337158	stw_mt_hdr_tlab_nursery	1015	0	7.9
1790337161	pattern_fuzz	1015	0	47.3
1790337208	mt_prop	1015	0	1.9
1790337210	prop	1015	0	5.2
1790337216	layout_prop	1015	0	0.7
1790336961	fuzz	1013	0	300.0
1790337261	thread_storm	1015	0	4.5
1790337266	stw_mt	1016	0	9.2
1790337275	stw_mt+diag	1016	0	9.2
1790337166	pattern_fuzz+diag	1015	0	118.7
1790337284	stw_mt_hdr_tlab	1016	0	8.0
1790337284	stw_mt_hdr_tlab_nursery	1016	0	9.8
1790337292	pattern_fuzz	1016	0	50.4
1790337342	mt_prop	1016	0	2.0
1790337344	prop	1016	0	5.3
1790337350	layout_prop	1016	0	0.7
1790337086	fuzz	1014	0	300.0
1790337386	thread_storm	1016	0	4.7
1790337391	stw_mt	1017	0	10.5
1790337401	stw_mt+diag	1017	0	9.8
1790337411	stw_mt_hdr_tlab	1017	0	8.1
1790337294	pattern_fuzz+diag	1016	0	125.6
1790337419	stw_mt_hdr_tlab_nursery	1017	0	10.4
1790337420	pattern_fuzz	1017	0	52.3
1790337472	mt_prop	1017	0	1.9
1790337474	prop	1017	0	5.3
1790337479	layout_prop	1017	0	0.8
1790337216	fuzz	1015	0	300.0
1790337516	thread_storm	1017	0	5.3
1790337522	stw_mt	1018	0	9.9
1790337532	stw_mt+diag	1018	0	9.9
1790337541	stw_mt_hdr_tlab	1018	0	11.4
1790337430	pattern_fuzz+diag	1017	0	127.6
1790337553	stw_mt_hdr_tlab_nursery	1018	0	9.5
1790337557	pattern_fuzz	1018	0	53.5
1790337611	mt_prop	1018	0	1.9
1790337613	prop	1018	0	5.4
1790337618	layout_prop	1018	0	0.7
1790337350	fuzz	1016	0	300.0
1790337650	thread_storm	1018	0	4.6
1790337655	stw_mt	1019	0	9.3
1790337664	stw_mt+diag	1019	0	9.3
1790337674	stw_mt_hdr_tlab	1019	0	7.0
1790337562	pattern_fuzz+diag	1018	0	126.5
1790337681	stw_mt_hdr_tlab_nursery	1019	0	8.5
1790337689	pattern_fuzz	1019	0	51.2
1790337740	mt_prop	1019	0	1.9
1790337742	prop	1019	0	5.5
1790337747	layout_prop	1019	0	0.7
1790337480	fuzz	1017	0	300.0
1790337780	thread_storm	1019	0	4.6
1790337785	stw_mt	1020	0	9.3
1790337794	stw_mt+diag	1020	0	9.3
1790337803	stw_mt_hdr_tlab	1020	0	8.0
1790337689	pattern_fuzz+diag	1019	0	125.2
1790337811	stw_mt_hdr_tlab_nursery	1020	0	10.9
1790337814	pattern_fuzz	1020	0	53.4
1790337868	mt_prop	1020	0	1.9
1790337870	prop	1020	0	5.2
1790337875	layout_prop	1020	0	0.7
1790337619	fuzz	1018	0	300.0
1790337919	thread_storm	1020	0	4.6
1790337924	stw_mt	1021	0	9.1
1790337933	stw_mt+diag	1021	0	9.2
1790337822	pattern_fuzz+diag	1020	0	124.3
1790337942	stw_mt_hdr_tlab	1021	0	7.3
1790337947	stw_mt_hdr_tlab_nursery	1021	0	8.8
1790337949	pattern_fuzz	1021	0	49.5
1790337999	mt_prop	1021	0	1.9
1790338000	prop	1021	0	4.9
1790338005	layout_prop	1021	0	0.7
1790337748	fuzz	1019	0	300.0
1790338048	thread_storm	1021	0	4.5
1790338053	stw_mt	1022	0	8.9
1790338062	stw_mt+diag	1022	0	8.2
1790337955	pattern_fuzz+diag	1021	0	118.4
1790338070	stw_mt_hdr_tlab	1022	0	6.9
1790338074	stw_mt_hdr_tlab_nursery	1022	0	8.6
1790338077	pattern_fuzz	1022	0	47.3
1790338124	mt_prop	1022	0	2.0
1790338126	prop	1022	0	4.9
1790338131	layout_prop	1022	0	0.7
1790337876	fuzz	1020	0	300.0
1790338176	thread_storm	1022	0	4.3
1790338180	stw_mt	1023	0	8.1
1790338188	stw_mt+diag	1023	0	8.1
1790338082	pattern_fuzz+diag	1022	0	114.6
1790338196	stw_mt_hdr_tlab	1023	0	6.4
1790338197	stw_mt_hdr_tlab_nursery	1023	0	7.8
1790338203	pattern_fuzz	1023	0	46.5
1790338249	mt_prop	1023	0	1.9
1790338251	prop	1023	0	4.5
1790338255	layout_prop	1023	0	0.6
1790338006	fuzz	1021	0	300.0
1790338306	thread_storm	1023	0	4.5
1790338205	pattern_fuzz+diag	1023	0	110.9
1790338311	stw_mt	1024	0	9.3
1790338316	stw_mt+diag	1024	0	10.2
1790338320	stw_mt_hdr_tlab	1024	0	7.5
1790338326	stw_mt_hdr_tlab_nursery	1024	0	8.7
1790338327	pattern_fuzz	1024	0	50.4
1790338378	mt_prop	1024	0	1.9
1790338380	prop	1024	0	5.3
1790338385	layout_prop	1024	0	0.7
1790338132	fuzz	1022	0	300.0
1790338432	thread_storm	1024	0	4.5
1790338436	stw_mt	1025	0	9.0
1790338445	stw_mt+diag	1025	0	8.5
1790338335	pattern_fuzz+diag	1024	0	120.7
1790338454	stw_mt_hdr_tlab	1025	0	6.3
1790338455	stw_mt_hdr_tlab_nursery	1025	0	7.8
1790338460	pattern_fuzz	1025	0	49.3
1790338509	mt_prop	1025	0	1.9
1790338511	prop	1025	0	5.2
1790338516	layout_prop	1025	0	0.7
1790338256	fuzz	1023	0	300.0
1790338556	thread_storm	1025	0	4.4
1790338560	stw_mt	1026	0	8.1
1790338569	stw_mt+diag	1026	0	8.1
1790338463	pattern_fuzz+diag	1025	0	117.6
1790338577	stw_mt_hdr_tlab	1026	0	6.4
1790338581	stw_mt_hdr_tlab_nursery	1026	0	7.9
1790338583	pattern_fuzz	1026	0	46.3
1790338629	mt_prop	1026	0	1.9
1790338631	prop	1026	0	4.8
1790338636	layout_prop	1026	0	0.6
1790338386	fuzz	1024	0	300.0
1790338686	thread_storm	1026	0	4.3
1790338690	stw_mt	1027	0	8.1
1790338589	pattern_fuzz+diag	1026	0	113.3
1790338698	stw_mt+diag	1027	0	8.3
1790338702	stw_mt_hdr_tlab	1027	0	6.5
1790338706	stw_mt_hdr_tlab_nursery	1027	0	7.8
1790338709	pattern_fuzz	1027	0	49.2
1790338758	mt_prop	1027	0	1.9
1790338760	prop	1027	0	4.9
1790338765	layout_prop	1027	0	0.7
1790338517	fuzz	1025	0	300.0
1790338817	thread_storm	1027	0	4.3
1790338821	stw_mt	1028	0	8.0
1790338714	pattern_fuzz+diag	1027	0	116.7
1790338831	stw_mt_hdr_tlab	1028	0	6.2
1790338829	stw_mt+diag	1028	0	8.2
1790338837	stw_mt_hdr_tlab_nursery	1028	0	7.7
1790338838	pattern_fuzz	1028	0	46.1
1790338884	mt_prop	1028	0	1.9
1790338886	prop	1028	0	4.9
1790338890	layout_prop	1028	0	0.6
1790338637	fuzz	1026	0	300.0
1790338937	thread_storm	1028	0	4.4
1790338941	stw_mt	1029	0	8.1
1790338949	stw_mt+diag	1029	0	8.1
1790338845	pattern_fuzz+diag	1028	0	112.8
1790338957	stw_mt_hdr_tlab	1029	0	6.3
1790338958	stw_mt_hdr_tlab_nursery	1029	0	10.9
1790338964	pattern_fuzz	1029	0	46.6
1790339010	mt_prop	1029	0	1.9
1790339012	prop	1029	0	4.8
1790339017	layout_prop	1029	0	0.7
1790338765	fuzz	1027	0	300.0
1790339065	thread_storm	1029	0	4.4
1790339070	stw_mt	1030	0	8.0
1790338968	pattern_fuzz+diag	1029	0	113.0
1790339078	stw_mt+diag	1030	0	8.2
1790339081	stw_mt_hdr_tlab	1030	0	6.4
1790339086	stw_mt_hdr_tlab_nursery	1030	0	7.7
1790339088	pattern_fuzz	1030	0	46.6
1790339134	mt_prop	1030	0	1.9
1790339136	prop	1030	0	4.8
1790339141	layout_prop	1030	0	0.7
1790338891	fuzz	1028	0	300.0
1790339191	thread_storm	1030	0	4.3
1790339195	stw_mt	1031	0	7.9
1790339094	pattern_fuzz+diag	1030	0	113.1
1790339203	stw_mt+diag	1031	0	8.2
1790339207	stw_mt_hdr_tlab	1031	0	6.5
1790339212	stw_mt_hdr_tlab_nursery	1031	0	7.7
1790339213	pattern_fuzz	1031	0	47.3
1790339260	mt_prop	1031	0	1.9
1790339262	prop	1031	0	4.9
1790339267	layout_prop	1031	0	0.7
1790339018	fuzz	1029	0	300.0
1790339318	thread_storm	1031	0	4.4
1790339322	stw_mt	1032	0	8.1
1790339219	pattern_fuzz+diag	1031	0	111.0
1790339330	stw_mt_hdr_tlab	1032	0	6.4
1790339330	stw_mt+diag	1032	0	8.4
1790339337	stw_mt_hdr_tlab_nursery	1032	0	7.7
1790339339	pattern_fuzz	1032	0	46.0
1790339385	mt_prop	1032	0	1.9
1790339386	prop	1032	0	5.1
1790339392	layout_prop	1032	0	0.7
1790339142	fuzz	1030	0	300.0
1790339442	thread_storm	1032	0	4.7
1790339447	stw_mt	1033	0	8.5
1790339344	pattern_fuzz+diag	1032	0	117.9
1790339455	stw_mt+diag	1033	0	8.8
1790339462	stw_mt_hdr_tlab	1033	0	6.7
1790339464	stw_mt_hdr_tlab_nursery	1033	0	7.9
1790339469	pattern_fuzz	1033	0	46.4
1790339515	mt_prop	1033	0	1.9
1790339517	prop	1033	0	4.9
1790339522	layout_prop	1033	0	0.6
1790339268	fuzz	1031	0	300.0
1790339568	thread_storm	1033	0	4.3
1790339572	stw_mt	1034	0	8.0
1790339472	pattern_fuzz+diag	1033	0	111.6
1790339580	stw_mt+diag	1034	0	8.5
1790339583	stw_mt_hdr_tlab	1034	0	6.7
1790339589	stw_mt_hdr_tlab_nursery	1034	0	7.8
1790339590	pattern_fuzz	1034	0	46.3
1790339636	mt_prop	1034	0	1.9
1790339638	prop	1034	0	4.9
1790339643	layout_prop	1034	0	0.6
1790339392	fuzz	1032	0	300.0
1790339692	thread_storm	1034	0	4.3
1790339697	stw_mt	1035	0	8.0
1790339597	pattern_fuzz+diag	1034	0	113.8
1790339705	stw_mt+diag	1035	0	8.0
1790339710	stw_mt_hdr_tlab	1035	0	6.5
1790339713	stw_mt_hdr_tlab_nursery	1035	0	7.9
1790339717	pattern_fuzz	1035	0	47.2
1790339764	mt_prop	1035	0	1.9
1790339766	prop	1035	0	4.9
1790339771	layout_prop	1035	0	0.7
1790339523	fuzz	1033	0	300.0
1790339823	thread_storm	1035	0	4.4
1790339720	pattern_fuzz+diag	1035	0	114.0
1790339827	stw_mt	1036	0	8.1
1790339835	stw_mt_hdr_tlab	1036	0	6.5
1790339834	stw_mt+diag	1036	0	8.4
1790339842	stw_mt_hdr_tlab_nursery	1036	0	7.7
1790339843	pattern_fuzz	1036	0	47.1
1790339890	mt_prop	1036	0	1.9
1790339892	prop	1036	0	4.9
1790339897	layout_prop	1036	0	0.7
1790339644	fuzz	1034	0	300.0
1790339944	thread_storm	1036	0	4.3
1790339948	stw_mt	1037	0	8.0
1790339956	stw_mt+diag	1037	0	8.0
1790339850	pattern_fuzz+diag	1036	0	114.6
1790339964	stw_mt_hdr_tlab	1037	0	6.3
1790339964	stw_mt_hdr_tlab_nursery	1037	0	7.9
1790339971	pattern_fuzz	1037	0	46.6
1790340017	mt_prop	1037	0	1.9
1790340019	prop	1037	0	4.9
1790340024	layout_prop	1037	0	0.6
1790339771	fuzz	1035	0	300.0
1790340071	thread_storm	1037	0	4.4
1790339972	pattern_fuzz+diag	1037	0	111.6
1790340076	stw_mt	1038	0	7.9
1790340084	stw_mt_hdr_tlab	1038	0	6.3
1790340084	stw_mt+diag	1038	0	8.4
1790340090	stw_mt_hdr_tlab_nursery	1038	0	7.7
1790340092	pattern_fuzz	1038	0	47.0
1790340139	mt_prop	1038	0	1.9
1790340141	prop	1038	0	4.8
1790340146	layout_prop	1038	0	0.7
1790339897	fuzz	1036	0	300.0
1790340197	thread_storm	1038	0	4.3
1790340202	stw_mt	1039	0	7.9
1790340098	pattern_fuzz+diag	1038	0	111.8
1790340210	stw_mt_hdr_tlab	1039	0	6.4
1790340210	stw_mt+diag	1039	0	8.2
1790340216	stw_mt_hdr_tlab_nursery	1039	0	7.7
1790340218	pattern_fuzz	1039	0	46.8
1790340265	mt_prop	1039	0	1.9
1790340267	prop	1039	0	4.9
1790340271	layout_prop	1039	0	0.6
1790340025	fuzz	1037	0	300.0
1790340325	thread_storm	1039	0	4.3
1790340224	pattern_fuzz+diag	1039	0	111.0
1790340329	stw_mt	1040	0	8.1
1790340335	stw_mt+diag	1040	0	8.2
1790340337	stw_mt_hdr_tlab	1040	0	6.4
1790340343	stw_mt_hdr_tlab_nursery	1040	0	7.7
1790340343	pattern_fuzz	1040	0	47.5
1790340391	mt_prop	1040	0	1.9
1790340393	prop	1040	0	4.8
1790340398	layout_prop	1040	0	0.7
1790340147	fuzz	1038	0	300.0
1790340447	thread_storm	1040	0	4.3
1790340451	stw_mt	1041	0	8.1
1790340351	pattern_fuzz+diag	1040	0	111.1
1790340459	stw_mt+diag	1041	0	8.2
1790340462	stw_mt_hdr_tlab	1041	0	6.3
1790340467	stw_mt_hdr_tlab_nursery	1041	0	10.7
1790340468	pattern_fuzz	1041	0	46.9
1790340515	mt_prop	1041	0	1.9
1790340517	prop	1041	0	4.8
1790340522	layout_prop	1041	0	0.6
1790340272	fuzz	1039	0	300.0
1790340572	thread_storm	1041	0	4.4
1790340576	stw_mt	1042	0	7.9
1790340478	pattern_fuzz+diag	1041	0	112.1
1790340584	stw_mt+diag	1042	0	8.0
1790340590	stw_mt_hdr_tlab	1042	0	6.5
1790340592	stw_mt_hdr_tlab_nursery	1042	0	7.8
1790340596	pattern_fuzz	1042	0	46.0
1790340643	mt_prop	1042	0	1.9
1790340644	prop	1042	0	4.8
1790340649	layout_prop	1042	0	0.6
1790340398	fuzz	1040	0	300.0
1790340698	thread_storm	1042	0	4.3
1790340703	stw_mt	1043	0	7.9
1790340600	pattern_fuzz+diag	1042	0	112.4
1790340711	stw_mt+diag	1043	0	8.3
1790340713	stw_mt_hdr_tlab	1043	0	6.5
1790340719	stw_mt_hdr_tlab_nursery	1043	0	7.6
1790340719	pattern_fuzz	1043	0	46.9
1790340766	mt_prop	1043	0	1.9
1790340768	prop	1043	0	4.9
1790340773	layout_prop	1043	0	0.6
1790340522	fuzz	1041	0	300.0
1790340822	thread_storm	1043	0	4.3
1790340827	stw_mt	1044	0	7.9
1790340726	pattern_fuzz+diag	1043	0	113.5
1790340834	stw_mt+diag	1044	0	8.2
1790340840	stw_mt_hdr_tlab	1044	0	6.4
1790340843	stw_mt_hdr_tlab_nursery	1044	0	7.7
1790340846	pattern_fuzz	1044	0	47.3
1790340894	mt_prop	1044	0	1.9
1790340896	prop	1044	0	4.8
1790340900	layout_prop	1044	0	0.7
1790340650	fuzz	1042	0	300.0
1790340950	thread_storm	1044	0	4.3
1790340954	stw_mt	1045	0	7.9
1790340850	pattern_fuzz+diag	1044	0	113.0
1790340963	stw_mt_hdr_tlab	1045	0	6.6
1790340962	stw_mt+diag	1045	0	8.4
1790340970	stw_mt_hdr_tlab_nursery	1045	0	7.7
1790340970	pattern_fuzz	1045	0	46.8
1790341017	mt_prop	1045	0	1.9
1790341019	prop	1045	0	4.9
1790341024	layout_prop	1045	0	0.7
1790340773	fuzz	1043	0	300.1
1790341074	thread_storm	1045	0	4.3
1790341078	stw_mt	1046	0	8.0
1790340978	pattern_fuzz+diag	1045	0	112.4
1790341086	stw_mt+diag	1046	0	8.2
1790341090	stw_mt_hdr_tlab	1046	0	6.4
1790341094	stw_mt_hdr_tlab_nursery	1046	0	7.8
1790341096	pattern_fuzz	1046	0	47.1
1790341144	mt_prop	1046	0	1.9
1790341145	prop	1046	0	4.8
1790341150	layout_prop	1046	0	0.7
1790340901	fuzz	1044	0	300.0
1790341201	thread_storm	1046	0	4.3
1790341205	stw_mt	1047	0	8.0
1790341102	pattern_fuzz+diag	1046	0	112.1
1790341214	stw_mt_hdr_tlab	1047	0	6.5
1790341213	stw_mt+diag	1047	0	8.4
1790341220	stw_mt_hdr_tlab_nursery	1047	0	7.9
1790341222	pattern_fuzz	1047	0	45.7
1790341268	mt_prop	1047	0	1.9
1790341269	prop	1047	0	4.8
1790341274	layout_prop	1047	0	0.7
1790341025	fuzz	1045	0	300.0
1790341325	thread_storm	1047	0	4.3
1790341329	stw_mt	1048	0	8.1
1790341228	pattern_fuzz+diag	1047	0	116.5
1790341337	stw_mt+diag	1048	0	8.1
1790341345	stw_mt_hdr_tlab	1048	0	6.4
1790341345	stw_mt_hdr_tlab_nursery	1048	0	7.7
1790341351	pattern_fuzz	1048	0	45.9
1790341397	mt_prop	1048	0	1.9
1790341399	prop	1048	0	4.8
1790341404	layout_prop	1048	0	0.6
1790341151	fuzz	1046	0	300.0
1790341451	thread_storm	1048	0	4.3
1790341455	stw_mt	1049	0	7.9
1790341353	pattern_fuzz+diag	1048	0	111.4
1790341464	stw_mt_hdr_tlab	1049	0	6.4
1790341463	stw_mt+diag	1049	0	8.4
1790341471	stw_mt_hdr_tlab_nursery	1049	0	7.7
1790341472	pattern_fuzz	1049	0	47.4
1790341519	mt_prop	1049	0	1.9
1790341521	prop	1049	0	4.8
1790341526	layout_prop	1049	0	0.7
1790341275	fuzz	1047	0	300.0
1790341575	thread_storm	1049	0	4.3
1790341579	stw_mt	1050	0	8.1
1790341478	pattern_fuzz+diag	1049	0	110.8
1790341587	stw_mt+diag	1050	0	8.2
1790341589	stw_mt_hdr_tlab	1050	0	6.4
1790341596	stw_mt_hdr_tlab_nursery	1050	0	7.7
1790341596	pattern_fuzz	1050	0	47.6
1790341643	mt_prop	1050	0	1.9
1790341645	prop	1050	0	4.8
1790341650	layout_prop	1050	0	0.6
1790341404	fuzz	1048	0	300.0
1790341704	thread_storm	1050	0	4.3
1790341603	pattern_fuzz+diag	1050	0	111.3
1790341709	stw_mt	1051	0	8.0
1790341714	stw_mt+diag	1051	0	8.3
1790341717	stw_mt_hdr_tlab	1051	0	6.3
1790341723	stw_mt_hdr_tlab_nursery	1051	0	7.7
1790341723	pattern_fuzz	1051	0	45.4
1790341769	mt_prop	1051	0	1.9
1790341770	prop	1051	0	4.4
1790341775	layout_prop	1051	0	0.6
1790341526	fuzz	1049	0	300.0
1790341826	thread_storm	1051	0	4.0
1790341730	pattern_fuzz+diag	1051	0	106.5
1790341830	stw_mt	1052	0	7.5
1790341838	stw_mt_hdr_tlab	1052	0	6.6
1790341837	stw_mt+diag	1052	0	8.5
1790341845	stw_mt_hdr_tlab_nursery	1052	0	7.3
1790341845	pattern_fuzz	1052	0	46.5
1790341892	mt_prop	1052	0	1.9
1790341894	prop	1052	0	4.8
1790341899	layout_prop	1052	0	0.7
1790341651	fuzz	1050	0	300.0
1790341951	thread_storm	1052	0	4.4
1790341955	stw_mt	1053	0	8.1
1790341852	pattern_fuzz+diag	1052	0	113.9
1790341963	stw_mt+diag	1053	0	8.2
1790341966	stw_mt_hdr_tlab	1053	0	6.5
1790341971	stw_mt_hdr_tlab_nursery	1053	0	7.7
1790341972	pattern_fuzz	1053	0	47.3
1790342020	mt_prop	1053	0	1.9
1790342022	prop	1053	0	4.8
1790342026	layout_prop	1053	0	0.7
1790341775	fuzz	1051	0	300.0
1790342075	thread_storm	1053	0	4.4
1790342080	stw_mt	1054	0	8.1
1790341979	pattern_fuzz+diag	1053	0	113.9
1790342088	stw_mt+diag	1054	0	8.3
1790342093	stw_mt_hdr_tlab	1054	1	3.8
1790342096	stw_mt_hdr_tlab_nursery	1054	0	7.9
1790342097	pattern_fuzz	1054	0	48.3
1790342145	mt_prop	1054	0	1.9
1790342147	prop	1054	0	5.3
1790342152	layout_prop	1054	0	1.0
1790341899	fuzz	1052	0	300.0
1790342199	thread_storm	1054	0	4.6
1790342204	stw_mt	1055	0	8.2
1790342212	stw_mt+diag	1055	0	8.5
1790342221	stw_mt_hdr_tlab	1055	0	6.5
1790342104	pattern_fuzz+diag	1054	0	130.0
1790342227	stw_mt_hdr_tlab_nursery	1055	0	8.4
1790342234	pattern_fuzz	1055	0	50.7
1790342285	mt_prop	1055	0	1.9
1790342287	prop	1055	0	5.1
1790342292	layout_prop	1055	0	0.7
1790342027	fuzz	1053	0	300.0
1790342327	thread_storm	1055	0	4.4
1790342331	stw_mt	1056	0	8.5
1790342340	stw_mt+diag	1056	0	8.4
1790342348	stw_mt_hdr_tlab	1056	0	6.3
1790342236	pattern_fuzz+diag	1055	0	119.2
1790342355	stw_mt_hdr_tlab_nursery	1056	0	7.8
1790342355	pattern_fuzz	1056	0	47.6
1790342402	mt_prop	1056	0	1.9
1790342404	prop	1056	0	4.9
1790342409	layout_prop	1056	0	0.7
1790342153	fuzz	1054	0	300.1
1790342453	thread_storm	1056	0	4.1
1790342457	stw_mt	1057	0	7.4
1790342465	stw_mt+diag	1057	0	7.4
1790342362	pattern_fuzz+diag	1056	0	112.3
1790342472	stw_mt_hdr_tlab	1057	0	5.8
1790342475	stw_mt_hdr_tlab_nursery	1057	0	7.3
1790342478	pattern_fuzz	1057	0	45.1
1790342523	mt_prop	1057	0	1.9
1790342525	prop	1057	0	4.8
1790342530	layout_prop	1057	0	0.7
1790342293	fuzz	1055	0	300.0
1790342482	pattern_fuzz+diag	1057	0	113.1
1790342593	thread_storm	1057	0	4.1
1790342595	stw_mt	1058	0	7.6
1790342597	stw_mt+diag	1058	0	7.7
1790342603	stw_mt_hdr_tlab	1058	0	6.0
1790342604	stw_mt_hdr_tlab_nursery	1058	0	7.2
1790342609	pattern_fuzz	1058	0	46.0
1790342655	mt_prop	1058	0	1.9
1790342657	prop	1058	0	4.8
1790342661	layout_prop	1058	0	0.7
1790342410	fuzz	1056	0	300.1
1790342710	thread_storm	1058	0	4.0
1790342714	stw_mt	1059	0	7.5
1790342612	pattern_fuzz+diag	1058	0	110.2
1790342722	stw_mt_hdr_tlab	1059	0	5.9
1790342721	stw_mt+diag	1059	0	7.6
1790342728	stw_mt_hdr_tlab_nursery	1059	0	7.1
1790342729	pattern_fuzz	1059	0	44.9
1790342774	mt_prop	1059	0	1.9
1790342776	prop	1059	0	4.9
1790342781	layout_prop	1059	0	0.6
1790342530	fuzz	1057	0	300.1
1790342831	thread_storm	1059	0	4.3
1790342835	stw_mt	1060	0	8.3
1790342735	pattern_fuzz+diag	1059	0	110.2
1790342843	stw_mt+diag	1060	0	8.3
1790342845	stw_mt_hdr_tlab	1060	0	6.5
1790342851	stw_mt_hdr_tlab_nursery	1060	0	7.6
1790342852	pattern_fuzz	1060	0	47.6
1790342899	mt_prop	1060	0	1.9
1790342901	prop	1060	0	5.0
1790342906	layout_prop	1060	0	0.6
1790342662	fuzz	1058	0	300.0
1790342962	thread_storm	1060	0	4.3
1790342859	pattern_fuzz+diag	1060	0	112.1
1790342966	stw_mt	1061	0	7.7
1790342971	stw_mt+diag	1061	0	7.7
1790342974	stw_mt_hdr_tlab	1061	0	6.0
1790342979	stw_mt_hdr_tlab_nursery	1061	0	7.1
