1790343080	stw_mt_hdr_tlab	1000	0	7.1
1790343080	stw_mt_hdr_tlab	1000	0	7.2
1790343080	stw_mt_hdr_tlab	1000	0	7.3
1790343080	stw_mt	1000	0	9.5
1790343080	stw_mt+diag	1000	0	9.7
1790343089	mt_prop	1000	0	1.9
1790343091	layout_prop	1000	0	0.7
1790343089	prop	1000	0	4.9
1790343087	stw_mt_hdr_tlab_nursery	1000	0	7.7
1790343094	thread_storm	1000	0	4.4
1790343094	stw_mt	1001	0	8.2
1790343099	stw_mt+diag	1001	0	8.2
1790343103	stw_mt_hdr_tlab	1001	0	6.2
1790343107	stw_mt_hdr_tlab	1001	0	6.2
1790343109	stw_mt_hdr_tlab	1001	0	6.1
1790343113	stw_mt_hdr_tlab_nursery	1001	0	7.4
1790343087	pattern_fuzz	1000	0	47.8
1790343135	mt_prop	1001	0	1.9
1790343137	prop	1001	0	4.6
1790343141	layout_prop	1001	0	0.6
1790343115	pattern_fuzz	1001	0	45.5
1790343160	thread_storm	1001	0	4.2
1790343165	stw_mt	1002	0	8.0
1790343173	stw_mt+diag	1002	0	7.9
1790343181	stw_mt_hdr_tlab	1002	0	6.0
1790343187	stw_mt_hdr_tlab	1002	0	5.9
1790343193	stw_mt_hdr_tlab	1002	0	5.9
1790343087	pattern_fuzz+diag	1000	0	112.3
1790343198	stw_mt_hdr_tlab_nursery	1002	0	7.4
1790343120	pattern_fuzz+diag	1001	0	110.6
1790343231	mt_prop	1002	0	1.9
1790343233	prop	1002	0	4.6
1790343237	layout_prop	1002	0	0.6
1790343199	pattern_fuzz	1002	0	46.2
1790343245	thread_storm	1002	0	4.2
1790343250	stw_mt	1003	0	7.8
1790343257	stw_mt+diag	1003	0	7.9
1790343265	stw_mt_hdr_tlab	1003	0	6.0
1790343271	stw_mt_hdr_tlab	1003	0	5.9
1790343277	stw_mt_hdr_tlab	1003	0	6.0
1790343283	stw_mt_hdr_tlab_nursery	1003	0	7.5
1790343206	pattern_fuzz+diag	1002	0	112.3
1790343291	pattern_fuzz	1003	0	46.5
1790343337	mt_prop	1003	0	1.9
1790343339	prop	1003	0	4.7
1790343344	layout_prop	1003	0	0.6
1790343092	fuzz	1000	0	300.0
1790343392	thread_storm	1003	0	4.2
1790343396	stw_mt	1004	0	7.8
1790343404	stw_mt+diag	1004	0	8.0
1790343412	stw_mt_hdr_tlab	1004	0	6.0
1790343418	stw_mt_hdr_tlab	1004	0	6.0
1790343424	stw_mt_hdr_tlab	1004	0	5.8
1790343318	pattern_fuzz+diag	1003	0	113.8
1790343430	stw_mt_hdr_tlab_nursery	1004	0	7.4
1790343142	fuzz	1001	0	300.0
1790343442	mt_prop	1004	0	1.9
1790343444	prop	1004	0	4.7
1790343448	layout_prop	1004	0	0.6
1790343432	pattern_fuzz	1004	0	46.7
1790343479	thread_storm	1004	0	4.2
1790343483	stw_mt	1005	0	7.8
1790343491	stw_mt+diag	1005	0	7.9
1790343498	stw_mt_hdr_tlab	1005	0	6.0
1790343504	stw_mt_hdr_tlab	1005	0	5.9
1790343510	stw_mt_hdr_tlab	1005	0	5.9
1790343516	stw_mt_hdr_tlab_nursery	1005	0	7.5
1790343238	fuzz	1002	0	300.0
1790343437	pattern_fuzz+diag	1004	0	111.4
1790343548	mt_prop	1005	0	1.9
1790343550	prop	1005	0	4.6
1790343555	layout_prop	1005	0	0.6
1790343524	pattern_fuzz	1005	0	51.6
1790343575	thread_storm	1005	0	4.2
1790343579	stw_mt	1006	0	8.2
1790343588	stw_mt+diag	1006	0	8.0
1790343596	stw_mt_hdr_tlab	1006	0	6.1
1790343602	stw_mt_hdr_tlab	1006	0	5.9
1790343608	stw_mt_hdr_tlab	1006	0	5.9
1790343614	stw_mt_hdr_tlab_nursery	1006	0	7.4
1790343344	fuzz	1003	0	300.0
1790343538	pattern_fuzz+diag	1005	0	111.4
1790343649	mt_prop	1006	0	1.9
1790343651	prop	1006	0	4.6
1790343656	layout_prop	1006	0	0.6
1790343621	pattern_fuzz	1006	0	45.6
1790343667	thread_storm	1006	0	4.2
1790343671	stw_mt	1007	0	7.9
1790343679	stw_mt+diag	1007	0	7.9
1790343687	stw_mt_hdr_tlab	1007	0	6.0
1790343693	stw_mt_hdr_tlab	1007	0	5.9
1790343698	stw_mt_hdr_tlab	1007	0	6.0
1790343704	stw_mt_hdr_tlab_nursery	1007	0	7.5
1790343449	fuzz	1004	0	300.0
1790343644	pattern_fuzz+diag	1006	0	112.1
1790343757	mt_prop	1007	0	1.9
1790343712	pattern_fuzz	1007	0	46.7
1790343759	layout_prop	1007	0	0.6
1790343759	prop	1007	0	4.7
1790343763	thread_storm	1007	0	4.2
1790343767	stw_mt	1008	0	8.1
1790343775	stw_mt+diag	1008	0	8.1
1790343784	stw_mt_hdr_tlab	1008	0	5.9
1790343789	stw_mt_hdr_tlab	1008	0	6.1
1790343796	stw_mt_hdr_tlab	1008	0	6.0
1790343802	stw_mt_hdr_tlab_nursery	1008	0	7.4
1790343809	pattern_fuzz	1008	0	45.0
1790343556	fuzz	1005	0	300.0
1790343856	mt_prop	1008	0	1.9
1790343749	pattern_fuzz+diag	1007	0	112.8
1790343857	prop	1008	0	4.6
1790343862	layout_prop	1008	0	0.6
1790343862	thread_storm	1008	0	4.2
1790343867	stw_mt	1009	0	7.9
1790343875	stw_mt+diag	1009	0	7.9
1790343882	stw_mt_hdr_tlab	1009	0	6.0
1790343888	stw_mt_hdr_tlab	1009	0	5.9
1790343894	stw_mt_hdr_tlab	1009	0	6.0
1790343900	stw_mt_hdr_tlab_nursery	1009	0	7.4
1790343908	pattern_fuzz	1009	0	45.5
1790343657	fuzz	1006	0	300.0
1790343957	mt_prop	1009	0	1.9
1790343959	prop	1009	0	4.6
1790343963	layout_prop	1009	0	0.6
1790343854	pattern_fuzz+diag	1008	0	111.0
1790343965	thread_storm	1009	0	4.2
1790343969	stw_mt	1010	0	7.9
1790343977	stw_mt+diag	1010	0	7.9
1790343985	stw_mt_hdr_tlab	1010	0	6.0
1790343991	stw_mt_hdr_tlab	1010	0	6.0
1790343997	stw_mt_hdr_tlab	1010	0	6.0
1790344003	stw_mt_hdr_tlab_nursery	1010	0	7.3
1790344010	pattern_fuzz	1010	0	45.6
1790343759	fuzz	1007	0	300.1
1790344059	mt_prop	1010	0	1.9
1790343953	pattern_fuzz+diag	1009	0	110.6
1790344064	layout_prop	1010	0	0.6
1790344061	prop	1010	0	4.7
1790344066	thread_storm	1010	0	4.2
1790344070	stw_mt	1011	0	8.1
1790344078	stw_mt+diag	1011	0	7.9
1790344086	stw_mt_hdr_tlab	1011	0	5.9
1790344092	stw_mt_hdr_tlab	1011	0	5.9
1790344098	stw_mt_hdr_tlab	1011	0	5.9
1790344104	stw_mt_hdr_tlab_nursery	1011	0	7.3
1790344111	pattern_fuzz	1011	0	46.0
1790343862	fuzz	1008	0	300.0
1790344162	mt_prop	1011	0	1.9
1790344164	prop	1011	0	4.6
1790344169	layout_prop	1011	0	0.6
1790344056	pattern_fuzz+diag	1010	0	115.5
1790344171	thread_storm	1011	0	4.1
1790344175	stw_mt	1012	0	7.8
1790344183	stw_mt+diag	1012	0	7.8
1790344191	stw_mt_hdr_tlab	1012	0	6.0
1790344197	stw_mt_hdr_tlab	1012	0	5.9
1790344203	stw_mt_hdr_tlab	1012	0	5.9
1790344209	stw_mt_hdr_tlab_nursery	1012	0	7.4
1790343964	fuzz	1009	0	300.0
1790344216	pattern_fuzz	1012	0	51.3
1790344157	pattern_fuzz+diag	1011	0	111.3
1790344267	mt_prop	1012	0	1.9
1790344269	layout_prop	1012	0	0.6
1790344268	prop	1012	0	4.8
1790344273	thread_storm	1012	0	4.2
1790344277	stw_mt	1013	0	8.0
1790344285	stw_mt+diag	1013	0	7.9
1790344293	stw_mt_hdr_tlab	1013	0	5.9
1790344299	stw_mt_hdr_tlab	1013	0	5.9
1790344305	stw_mt_hdr_tlab	1013	0	5.8
1790344311	stw_mt_hdr_tlab_nursery	1013	0	7.4
1790344318	pattern_fuzz	1013	0	45.2
1790344064	fuzz	1010	0	300.0
1790344364	mt_prop	1013	0	1.9
1790344366	prop	1013	0	4.6
1790344371	layout_prop	1013	0	0.6
1790344264	pattern_fuzz+diag	1012	0	111.8
1790344376	thread_storm	1013	0	4.2
1790344380	stw_mt	1014	0	7.8
1790344388	stw_mt+diag	1014	0	7.9
1790344396	stw_mt_hdr_tlab	1014	0	6.0
1790344401	stw_mt_hdr_tlab	1014	0	6.1
1790344408	stw_mt_hdr_tlab	1014	0	5.9
1790344413	stw_mt_hdr_tlab_nursery	1014	0	7.3
1790344421	pattern_fuzz	1014	0	44.8
1790344169	fuzz	1011	0	300.0
1790344469	mt_prop	1014	0	1.9
1790344363	pattern_fuzz+diag	1013	0	110.5
1790344474	layout_prop	1014	0	0.7
1790344471	prop	1014	0	4.7
1790344476	thread_storm	1014	0	4.2
1790344480	stw_mt	1015	0	7.9
1790344488	stw_mt+diag	1015	0	7.8
1790344496	stw_mt_hdr_tlab	1015	0	5.9
1790344502	stw_mt_hdr_tlab	1015	0	5.9
1790344507	stw_mt_hdr_tlab	1015	0	6.0
1790344514	stw_mt_hdr_tlab_nursery	1015	0	7.4
1790344521	pattern_fuzz	1015	0	46.2
1790344270	fuzz	1012	0	300.0
1790344570	mt_prop	1015	0	1.9
1790344466	pattern_fuzz+diag	1014	0	109.4
1790344575	layout_prop	1015	0	0.6
1790344572	prop	1015	0	4.7
1790344576	thread_storm	1015	0	4.2
1790344581	stw_mt	1016	0	7.9
1790344589	stw_mt+diag	1016	0	7.8
1790344596	stw_mt_hdr_tlab	1016	0	5.9
1790344602	stw_mt_hdr_tlab	1016	0	5.9
1790344608	stw_mt_hdr_tlab	1016	0	13.0
1790344621	stw_mt_hdr_tlab_nursery	1016	0	7.3
1790344372	fuzz	1013	0	300.0
1790344629	pattern_fuzz	1016	0	45.6
1790344674	mt_prop	1016	0	1.9
1790344567	pattern_fuzz+diag	1015	0	111.1
1790344678	layout_prop	1016	0	0.6
1790344676	prop	1016	0	4.6
1790344681	thread_storm	1016	0	4.3
1790344685	stw_mt	1017	0	7.8
1790344693	stw_mt+diag	1017	0	7.8
1790344701	stw_mt_hdr_tlab	1017	0	6.0
1790344707	stw_mt_hdr_tlab	1017	0	6.0
1790344712	stw_mt_hdr_tlab	1017	0	5.9
1790344718	stw_mt_hdr_tlab_nursery	1017	0	7.4
1790344726	pattern_fuzz	1017	0	46.1
1790344474	fuzz	1014	0	300.0
1790344775	mt_prop	1017	0	1.9
1790344776	prop	1017	0	4.6
1790344781	layout_prop	1017	0	0.6
1790344672	pattern_fuzz+diag	1016	0	110.7
1790344782	thread_storm	1017	0	4.2
1790344787	stw_mt	1018	0	7.8
1790344794	stw_mt+diag	1018	0	8.0
1790344802	stw_mt_hdr_tlab	1018	0	6.0
1790344808	stw_mt_hdr_tlab	1018	0	5.9
1790344814	stw_mt_hdr_tlab	1018	0	6.0
1790344820	stw_mt_hdr_tlab_nursery	1018	0	7.4
1790344828	pattern_fuzz	1018	0	45.4
1790344576	fuzz	1015	0	300.0
1790344876	mt_prop	1018	0	1.9
1790344878	prop	1018	0	4.7
1790344882	layout_prop	1018	0	0.6
1790344772	pattern_fuzz+diag	1017	0	111.3
1790344883	thread_storm	1018	0	4.2
1790344887	stw_mt	1019	0	7.9
1790344895	stw_mt+diag	1019	0	7.8
1790344903	stw_mt_hdr_tlab	1019	0	5.9
1790344909	stw_mt_hdr_tlab	1019	0	5.9
1790344915	stw_mt_hdr_tlab	1019	0	6.0
1790344921	stw_mt_hdr_tlab_nursery	1019	0	7.3
1790344928	pattern_fuzz	1019	0	44.3
1790344679	fuzz	1016	0	300.0
1790344979	mt_prop	1019	0	1.9
1790344873	pattern_fuzz+diag	1018	0	110.2
1790344983	layout_prop	1019	0	0.6
1790344981	prop	1019	0	4.6
1790344985	thread_storm	1019	0	4.2
1790344990	stw_mt	1020	0	7.9
1790344997	stw_mt+diag	1020	0	7.9
1790345005	stw_mt_hdr_tlab	1020	0	6.0
1790345011	stw_mt_hdr_tlab	1020	0	5.9
1790345017	stw_mt_hdr_tlab	1020	0	5.9
1790345023	stw_mt_hdr_tlab_nursery	1020	0	7.4
1790345031	pattern_fuzz	1020	0	47.9
1790344782	fuzz	1017	0	300.0
1790345082	mt_prop	1020	0	1.9
1790344972	pattern_fuzz+diag	1019	0	111.7
1790345084	layout_prop	1020	0	0.6
1790345084	prop	1020	0	4.7
1790345088	thread_storm	1020	0	4.2
1790345092	stw_mt	1021	0	8.0
1790345100	stw_mt+diag	1021	0	8.1
1790345108	stw_mt_hdr_tlab	1021	0	6.1
1790345115	stw_mt_hdr_tlab	1021	0	6.0
1790345121	stw_mt_hdr_tlab	1021	0	5.9
1790345126	stw_mt_hdr_tlab_nursery	1021	0	7.4
1790345134	pattern_fuzz	1021	0	45.5
1790344883	fuzz	1018	0	300.0
1790345183	mt_prop	1021	0	1.9
1790345185	prop	1021	0	4.7
1790345190	layout_prop	1021	0	0.7
1790345078	pattern_fuzz+diag	1020	0	112.0
1790345190	thread_storm	1021	0	4.2
1790345195	stw_mt	1022	0	7.8
1790345202	stw_mt+diag	1022	0	7.9
1790345210	stw_mt_hdr_tlab	1022	0	6.0
1790345216	stw_mt_hdr_tlab	1022	0	6.0
1790345222	stw_mt_hdr_tlab	1022	0	6.0
1790345228	stw_mt_hdr_tlab_nursery	1022	0	14.8
1790344984	fuzz	1019	0	300.1
1790345243	pattern_fuzz	1022	0	46.2
1790345289	mt_prop	1022	0	1.9
1790345179	pattern_fuzz+diag	1021	0	112.0
1790345291	layout_prop	1022	0	0.7
1790345291	prop	1022	0	4.8
1790345296	thread_storm	1022	0	4.2
1790345300	stw_mt	1023	0	7.9
1790345308	stw_mt+diag	1023	0	7.9
1790345316	stw_mt_hdr_tlab	1023	0	6.0
1790345322	stw_mt_hdr_tlab	1023	0	5.9
1790345328	stw_mt_hdr_tlab	1023	0	6.0
1790345334	stw_mt_hdr_tlab_nursery	1023	0	7.4
1790345085	fuzz	1020	0	300.0
1790345341	pattern_fuzz	1023	0	45.2
1790345386	mt_prop	1023	0	1.9
1790345388	prop	1023	0	4.7
1790345393	layout_prop	1023	0	0.6
1790345284	pattern_fuzz+diag	1022	0	113.3
1790345397	thread_storm	1023	0	4.2
1790345402	stw_mt	1024	0	7.9
1790345409	stw_mt+diag	1024	0	8.0
1790345417	stw_mt_hdr_tlab	1024	0	5.9
1790345423	stw_mt_hdr_tlab	1024	0	5.9
1790345429	stw_mt_hdr_tlab	1024	0	6.0
1790345435	stw_mt_hdr_tlab_nursery	1024	0	7.5
1790345190	fuzz	1021	0	300.0
1790345443	pattern_fuzz	1024	0	51.9
1790345495	mt_prop	1024	0	1.9
1790345385	pattern_fuzz+diag	1023	0	112.2
1790345497	layout_prop	1024	0	0.7
1790345497	prop	1024	0	4.7
1790345501	thread_storm	1024	0	4.2
1790345505	stw_mt	1025	0	7.8
1790345513	stw_mt+diag	1025	0	8.0
1790345521	stw_mt_hdr_tlab	1025	0	6.0
1790345527	stw_mt_hdr_tlab	1025	0	6.0
1790345533	stw_mt_hdr_tlab	1025	0	5.9
1790345539	stw_mt_hdr_tlab_nursery	1025	0	7.5
1790345292	fuzz	1022	0	300.0
1790345547	pattern_fuzz	1025	0	46.3
1790345593	mt_prop	1025	0	1.9
1790345595	prop	1025	0	4.7
1790345600	layout_prop	1025	0	0.6
1790345490	pattern_fuzz+diag	1024	0	112.3
1790345602	thread_storm	1025	0	4.2
1790345607	stw_mt	1026	0	7.9
1790345615	stw_mt+diag	1026	0	7.9
1790345622	stw_mt_hdr_tlab	1026	0	6.0
1790345628	stw_mt_hdr_tlab	1026	0	6.0
1790345634	stw_mt_hdr_tlab	1026	0	6.0
1790345640	stw_mt_hdr_tlab_nursery	1026	0	7.3
1790345394	fuzz	1023	0	300.0
1790345648	pattern_fuzz	1026	0	46.5
1790345694	mt_prop	1026	0	1.9
1790345696	prop	1026	0	4.6
1790345701	layout_prop	1026	0	0.6
1790345592	pattern_fuzz+diag	1025	0	111.5
1790345704	thread_storm	1026	0	4.1
1790345708	stw_mt	1027	0	7.9
1790345716	stw_mt+diag	1027	0	8.0
1790345724	stw_mt_hdr_tlab	1027	0	5.9
1790345729	stw_mt_hdr_tlab	1027	0	5.9
1790345735	stw_mt_hdr_tlab	1027	0	6.0
1790345741	stw_mt_hdr_tlab_nursery	1027	0	7.3
1790345749	pattern_fuzz	1027	0	45.3
1790345498	fuzz	1024	0	300.0
1790345798	mt_prop	1027	0	1.9
1790345800	prop	1027	0	4.6
1790345804	layout_prop	1027	0	0.6
1790345694	pattern_fuzz+diag	1026	0	112.4
1790345806	thread_storm	1027	0	4.3
1790345810	stw_mt	1028	0	7.9
1790345818	stw_mt+diag	1028	0	7.9
1790345826	stw_mt_hdr_tlab	1028	0	6.0
1790345832	stw_mt_hdr_tlab	1028	0	5.9
1790345838	stw_mt_hdr_tlab	1028	0	6.0
1790345844	stw_mt_hdr_tlab_nursery	1028	0	7.4
1790345851	pattern_fuzz	1028	0	45.1
1790345600	fuzz	1025	0	300.0
1790345900	mt_prop	1028	0	1.9
1790345794	pattern_fuzz+diag	1027	0	111.9
1790345906	layout_prop	1028	0	0.6
1790345902	prop	1028	0	4.7
1790345907	thread_storm	1028	0	4.2
1790345911	stw_mt	1029	0	7.9
1790345919	stw_mt+diag	1029	0	7.9
1790345927	stw_mt_hdr_tlab	1029	0	5.9
1790345933	stw_mt_hdr_tlab	1029	0	5.9
1790345939	stw_mt_hdr_tlab	1029	0	13.3
1790345952	stw_mt_hdr_tlab_nursery	1029	0	7.7
1790345701	fuzz	1026	0	300.0
1790345960	pattern_fuzz	1029	0	46.2
1790346006	mt_prop	1029	0	1.9
1790345896	pattern_fuzz+diag	1028	0	113.0
1790346010	layout_prop	1029	0	0.6
1790346008	prop	1029	0	4.6
1790346012	thread_storm	1029	0	4.2
1790346017	stw_mt	1030	0	7.8
1790346024	stw_mt+diag	1030	0	7.9
1790346032	stw_mt_hdr_tlab	1030	0	6.0
1790346038	stw_mt_hdr_tlab	1030	0	5.9
1790346044	stw_mt_hdr_tlab	1030	0	5.9
1790346050	stw_mt_hdr_tlab_nursery	1030	0	7.3
1790346057	pattern_fuzz	1030	0	46.1
1790345805	fuzz	1027	0	300.0
1790346105	mt_prop	1030	0	1.9
1790346107	prop	1030	0	4.6
1790346111	layout_prop	1030	0	0.6
1790346001	pattern_fuzz+diag	1029	0	110.8
1790346112	thread_storm	1030	0	4.1
1790346116	stw_mt	1031	0	7.8
1790346124	stw_mt+diag	1031	0	7.9
1790346132	stw_mt_hdr_tlab	1031	0	6.0
1790346138	stw_mt_hdr_tlab	1031	0	6.0
1790346144	stw_mt_hdr_tlab	1031	0	6.0
1790346150	stw_mt_hdr_tlab_nursery	1031	0	7.4
1790346157	pattern_fuzz	1031	0	46.0
1790345906	fuzz	1028	0	300.1
1790346206	mt_prop	1031	0	1.9
1790346208	prop	1031	0	4.6
1790346213	layout_prop	1031	0	0.6
1790346104	pattern_fuzz+diag	1030	0	111.5
1790346215	thread_storm	1031	0	4.2
1790346219	stw_mt	1032	0	8.3
1790346010	fuzz	1029	0	300.0
1790346310	stw_mt_hdr_tlab	1032	0	6.0
1790346316	stw_mt_hdr_tlab	1032	0	6.0
1790346203	pattern_fuzz+diag	1031	0	120.0
1790346322	stw_mt_hdr_tlab	1032	0	6.4
1790346323	stw_mt_hdr_tlab_nursery	1032	0	7.7
1790346329	pattern_fuzz	1032	0	49.5
1790346378	mt_prop	1032	0	1.9
1790346380	prop	1032	0	5.1
1790346385	layout_prop	1032	0	0.7
1790346112	fuzz	1030	0	300.0
1790346412	thread_storm	1032	0	4.7
1790346417	stw_mt	1033	0	8.9
1790346426	stw_mt+diag	1033	0	9.2
1790346435	stw_mt_hdr_tlab	1033	0	6.9
1790346442	stw_mt_hdr_tlab	1033	0	7.0
1790346331	pattern_fuzz+diag	1032	0	121.7
1790346449	stw_mt_hdr_tlab	1033	0	7.3
1790346453	stw_mt_hdr_tlab_nursery	1033	0	8.7
1790346456	pattern_fuzz	1033	0	49.4
1790346505	mt_prop	1033	0	1.9
1790346507	prop	1033	0	5.1
1790346512	layout_prop	1033	0	0.7
1790346214	fuzz	1031	0	300.0
1790346514	thread_storm	1033	0	4.6
1790346518	stw_mt	1034	0	9.2
1790346527	stw_mt+diag	1034	0	9.6
1790346537	stw_mt_hdr_tlab	1034	0	6.8
1790346544	stw_mt_hdr_tlab	1034	0	6.8
1790346551	stw_mt_hdr_tlab	1034	0	6.8
1790346557	stw_mt_hdr_tlab_nursery	1034	0	7.9
1790346462	pattern_fuzz+diag	1033	0	118.6
1790346565	pattern_fuzz	1034	0	46.8
1790346612	mt_prop	1034	0	1.9
1790346614	prop	1034	0	4.8
1790346619	layout_prop	1034	0	0.6
1790346386	fuzz	1032	0	300.0
1790346686	thread_storm	1034	0	4.3
1790346580	pattern_fuzz+diag	1034	0	112.6
1790346690	stw_mt	1035	0	8.4
1790346693	stw_mt+diag	1035	0	8.5
1790346698	stw_mt_hdr_tlab	1035	0	6.5
1790346701	stw_mt_hdr_tlab	1035	0	6.5
1790346705	stw_mt_hdr_tlab	1035	0	6.5
1790346708	stw_mt_hdr_tlab_nursery	1035	0	7.9
1790346711	pattern_fuzz	1035	0	46.1
1790346758	mt_prop	1035	0	1.9
1790346759	prop	1035	0	4.7
1790346764	layout_prop	1035	0	0.6
1790346513	fuzz	1033	0	300.0
1790346813	thread_storm	1035	0	4.3
1790346817	stw_mt	1036	0	8.0
1790346716	pattern_fuzz+diag	1035	0	116.7
1790346825	stw_mt+diag	1036	0	8.2
1790346832	stw_mt_hdr_tlab	1036	0	6.4
1790346834	stw_mt_hdr_tlab	1036	0	6.4
1790346839	stw_mt_hdr_tlab	1036	0	6.3
1790346840	stw_mt_hdr_tlab_nursery	1036	0	7.7
1790346845	pattern_fuzz	1036	0	46.5
1790346892	mt_prop	1036	0	1.9
1790346893	prop	1036	0	4.8
1790346898	layout_prop	1036	0	0.6
1790346619	fuzz	1034	0	300.0
1790346919	thread_storm	1036	0	4.3
1790346924	stw_mt	1037	0	8.0
1790346932	stw_mt+diag	1037	0	8.2
1790346940	stw_mt_hdr_tlab	1037	0	6.1
1790346946	stw_mt_hdr_tlab	1037	0	6.1
1790346952	stw_mt_hdr_tlab	1037	0	6.0
1790346848	pattern_fuzz+diag	1036	0	112.7
1790346958	stw_mt_hdr_tlab_nursery	1037	0	7.6
1790346960	pattern_fuzz	1037	0	45.4
1790347006	mt_prop	1037	0	1.9
1790347008	prop	1037	0	4.7
1790347012	layout_prop	1037	0	0.6
1790346765	fuzz	1035	0	300.0
1790347065	thread_storm	1037	0	4.3
1790346966	pattern_fuzz+diag	1037	0	111.1
1790347069	stw_mt	1038	0	8.0
1790347077	stw_mt_hdr_tlab	1038	0	6.3
1790347077	stw_mt+diag	1038	0	8.5
1790347083	stw_mt_hdr_tlab	1038	0	6.4
1790347085	stw_mt_hdr_tlab	1038	0	6.3
1790347090	stw_mt_hdr_tlab_nursery	1038	0	7.6
1790346228	stw_mt+diag	1032	TIMEOUT	900.0
1790347128	mt_prop	1038	0	1.9
1790347130	prop	1038	0	4.7
1790347134	layout_prop	1038	0	0.6
1790347092	pattern_fuzz	1038	0	46.1
1790347138	thread_storm	1038	0	4.2
1790347142	stw_mt	1039	0	7.8
1790347150	stw_mt+diag	1039	0	7.9
1790347158	stw_mt_hdr_tlab	1039	0	6.0
1790347164	stw_mt_hdr_tlab	1039	0	5.9
1790347170	stw_mt_hdr_tlab	1039	0	5.9
1790347175	stw_mt_hdr_tlab_nursery	1039	0	7.3
1790346899	fuzz	1036	0	300.0
1790347097	pattern_fuzz+diag	1038	0	111.8
1790347209	mt_prop	1039	0	1.9
1790347211	prop	1039	0	4.6
1790347216	layout_prop	1039	0	0.6
1790347183	pattern_fuzz	1039	0	45.4
1790347228	thread_storm	1039	0	4.2
1790347232	stw_mt	1040	0	7.8
1790347240	stw_mt+diag	1040	0	7.8
1790347248	stw_mt_hdr_tlab	1040	0	5.9
1790347254	stw_mt_hdr_tlab	1040	0	5.9
1790347260	stw_mt_hdr_tlab	1040	0	6.0
1790347266	stw_mt_hdr_tlab_nursery	1040	0	7.4
1790347199	pattern_fuzz+diag	1039	0	112.1
1790347013	fuzz	1037	0	300.0
1790347313	mt_prop	1040	0	1.9
1790347315	prop	1040	0	4.6
1790347273	pattern_fuzz	1040	0	47.0
1790347320	layout_prop	1040	0	0.6
1790347320	thread_storm	1040	0	4.2
1790347324	stw_mt	1041	0	7.9
1790347332	stw_mt+diag	1041	0	7.8
1790347340	stw_mt_hdr_tlab	1041	0	6.0
1790347346	stw_mt_hdr_tlab	1041	0	6.0
1790347352	stw_mt_hdr_tlab	1041	0	5.9
1790347358	stw_mt_hdr_tlab_nursery	1041	0	7.3
1790347365	pattern_fuzz	1041	0	46.2
1790347311	pattern_fuzz+diag	1040	0	111.5
1790347422	mt_prop	1041	0	1.9
1790347424	prop	1041	0	4.6
1790347429	layout_prop	1041	0	0.6
1790347135	fuzz	1038	0	300.0
1790347435	thread_storm	1041	0	4.2
1790347439	stw_mt	1042	0	7.8
1790347447	stw_mt+diag	1042	0	8.0
1790347455	stw_mt_hdr_tlab	1042	0	5.9
1790347461	stw_mt_hdr_tlab	1042	0	6.0
1790347467	stw_mt_hdr_tlab	1042	0	5.9
1790347473	stw_mt_hdr_tlab_nursery	1042	0	7.4
1790347216	fuzz	1039	0	300.0
1790347411	pattern_fuzz+diag	1041	0	112.2
1790347480	pattern_fuzz	1042	0	45.1
1790347524	mt_prop	1042	0	1.9
1790347526	layout_prop	1042	0	0.7
1790347525	prop	1042	0	4.8
1790347530	thread_storm	1042	0	4.2
1790347534	stw_mt	1043	0	7.8
1790347542	stw_mt+diag	1043	0	7.9
1790347550	stw_mt_hdr_tlab	1043	0	5.9
1790347556	stw_mt_hdr_tlab	1043	0	6.0
1790347562	stw_mt_hdr_tlab	1043	0	6.0
1790347568	stw_mt_hdr_tlab_nursery	1043	0	7.3
1790347320	fuzz	1040	0	300.0
1790347575	pattern_fuzz	1043	0	46.3
1790347621	mt_prop	1043	0	1.9
1790347623	prop	1043	0	4.7
1790347516	pattern_fuzz+diag	1042	0	112.1
1790347628	layout_prop	1043	0	0.6
1790347628	thread_storm	1043	0	4.2
1790347633	stw_mt	1044	0	7.8
1790347641	stw_mt+diag	1044	0	8.0
1790347648	stw_mt_hdr_tlab	1044	0	6.0
1790347654	stw_mt_hdr_tlab	1044	0	5.9
1790347660	stw_mt_hdr_tlab	1044	0	5.9
1790347666	stw_mt_hdr_tlab_nursery	1044	0	7.4
1790347674	pattern_fuzz	1044	0	45.5
1790347430	fuzz	1041	0	300.0
1790347730	mt_prop	1044	0	1.9
1790347620	pattern_fuzz+diag	1043	0	113.0
1790347733	layout_prop	1044	0	0.6
1790347731	prop	1044	0	4.5
1790347736	thread_storm	1044	0	4.2
1790347740	stw_mt	1045	0	7.9
1790347748	stw_mt+diag	1045	0	7.8
1790347756	stw_mt_hdr_tlab	1045	0	5.9
1790347762	stw_mt_hdr_tlab	1045	0	6.0
1790347768	stw_mt_hdr_tlab	1045	0	5.9
1790347774	stw_mt_hdr_tlab_nursery	1045	0	7.4
1790347526	fuzz	1042	0	300.0
1790347781	pattern_fuzz	1045	0	46.2
1790347827	mt_prop	1045	0	1.9
1790347719	pattern_fuzz+diag	1044	0	111.5
1790347831	layout_prop	1045	0	0.6
1790347829	prop	1045	0	4.6
1790347834	thread_storm	1045	0	4.2
1790347838	stw_mt	1046	0	7.9
1790347846	stw_mt+diag	1046	0	8.0
1790347854	stw_mt_hdr_tlab	1046	0	5.9
1790347860	stw_mt_hdr_tlab	1046	0	5.9
1790347866	stw_mt_hdr_tlab	1046	0	5.9
1790347872	stw_mt_hdr_tlab_nursery	1046	0	7.3
1790347879	pattern_fuzz	1046	0	44.3
1790347628	fuzz	1043	0	300.0
1790347928	mt_prop	1046	0	1.9
1790347930	prop	1046	0	4.7
1790347935	layout_prop	1046	0	0.6
1790347826	pattern_fuzz+diag	1045	0	115.4
1790347942	thread_storm	1046	0	4.2
1790347946	stw_mt	1047	0	7.8
1790347954	stw_mt+diag	1047	0	7.8
1790347961	stw_mt_hdr_tlab	1047	0	6.0
1790347967	stw_mt_hdr_tlab	1047	0	13.2
1790347981	stw_mt_hdr_tlab	1047	0	5.8
1790347986	stw_mt_hdr_tlab_nursery	1047	0	7.4
1790347734	fuzz	1044	0	300.0
1790347923	pattern_fuzz+diag	1046	0	110.9
1790348034	mt_prop	1047	0	1.9
1790347994	pattern_fuzz	1047	0	45.2
1790348039	layout_prop	1047	0	0.6
1790348036	prop	1047	0	4.7
1790348041	thread_storm	1047	0	4.2
1790348045	stw_mt	1048	0	7.8
1790348053	stw_mt+diag	1048	0	7.7
1790348060	stw_mt_hdr_tlab	1048	0	5.9
1790348066	stw_mt_hdr_tlab	1048	0	5.9
1790348072	stw_mt_hdr_tlab	1048	0	5.9
1790348078	stw_mt_hdr_tlab_nursery	1048	0	7.4
1790348085	pattern_fuzz	1048	0	45.8
1790347831	fuzz	1045	0	300.0
1790348131	mt_prop	1048	0	1.9
1790348133	prop	1048	0	4.6
1790348138	layout_prop	1048	0	0.6
1790348034	pattern_fuzz+diag	1047	0	111.6
1790348145	thread_storm	1048	0	4.2
1790348149	stw_mt	1049	0	7.9
1790348157	stw_mt+diag	1049	0	7.9
1790348165	stw_mt_hdr_tlab	1049	0	6.0
1790348171	stw_mt_hdr_tlab	1049	0	5.8
1790348177	stw_mt_hdr_tlab	1049	0	5.8
1790348183	stw_mt_hdr_tlab_nursery	1049	0	7.6
1790347935	fuzz	1046	0	300.0
1790348191	pattern_fuzz	1049	0	46.2
1790348237	mt_prop	1049	0	1.9
1790348131	pattern_fuzz+diag	1048	0	111.7
1790348239	prop	1049	0	4.6
1790348243	layout_prop	1049	0	0.6
1790348244	thread_storm	1049	0	4.2
1790348248	stw_mt	1050	0	7.9
1790348256	stw_mt+diag	1050	0	7.8
1790348263	stw_mt_hdr_tlab	1050	0	6.0
1790348269	stw_mt_hdr_tlab	1050	0	5.9
1790348275	stw_mt_hdr_tlab	1050	0	5.9
1790348281	stw_mt_hdr_tlab_nursery	1050	0	7.3
1790348289	pattern_fuzz	1050	0	45.4
1790348040	fuzz	1047	0	300.0
1790348340	mt_prop	1050	0	1.9
1790348342	prop	1050	0	4.6
1790348346	layout_prop	1050	0	0.6
1790348236	pattern_fuzz+diag	1049	0	115.5
1790348351	thread_storm	1050	0	4.1
1790348355	stw_mt	1051	0	7.8
1790348363	stw_mt+diag	1051	0	7.9
1790348371	stw_mt_hdr_tlab	1051	0	5.9
1790348377	stw_mt_hdr_tlab	1051	0	5.8
1790348383	stw_mt_hdr_tlab	1051	0	5.9
1790348389	stw_mt_hdr_tlab_nursery	1051	0	14.5
1790348139	fuzz	1048	0	300.0
1790348334	pattern_fuzz+diag	1050	0	111.0
1790348445	mt_prop	1051	0	1.9
1790348403	pattern_fuzz	1051	0	46.2
1790348449	layout_prop	1051	0	0.6
1790348447	prop	1051	0	4.6
1790348451	thread_storm	1051	0	4.2
1790348456	stw_mt	1052	0	8.3
1790348464	stw_mt+diag	1052	0	7.8
1790348472	stw_mt_hdr_tlab	1052	0	5.9
1790348478	stw_mt_hdr_tlab	1052	0	6.0
1790348484	stw_mt_hdr_tlab	1052	0	5.9
1790348489	stw_mt_hdr_tlab_nursery	1052	0	7.2
1790348497	pattern_fuzz	1052	0	45.9
1790348243	fuzz	1049	0	300.0
1790348543	mt_prop	1052	0	1.9
1790348439	pattern_fuzz+diag	1051	0	110.7
1790348545	prop	1052	0	4.7
1790348549	layout_prop	1052	0	0.6
1790348550	thread_storm	1052	0	4.3
1790348554	stw_mt	1053	0	7.9
1790348562	stw_mt+diag	1053	0	7.9
1790348570	stw_mt_hdr_tlab	1053	0	5.9
1790348576	stw_mt_hdr_tlab	1053	0	5.9
1790348582	stw_mt_hdr_tlab	1053	0	5.9
1790348588	stw_mt_hdr_tlab_nursery	1053	0	7.4
1790348595	pattern_fuzz	1053	0	45.2
1790348347	fuzz	1050	0	300.0
1790348647	mt_prop	1053	0	1.9
1790348649	prop	1053	0	4.6
1790348543	pattern_fuzz+diag	1052	0	111.1
1790348653	layout_prop	1053	0	0.6
1790348654	thread_storm	1053	0	4.2
1790348658	stw_mt	1054	0	7.8
1790348666	stw_mt+diag	1054	0	7.9
1790348674	stw_mt_hdr_tlab	1054	0	5.8
1790348680	stw_mt_hdr_tlab	1054	0	5.9
1790348685	stw_mt_hdr_tlab	1054	0	5.9
1790348691	stw_mt_hdr_tlab_nursery	1054	0	7.4
1790348699	pattern_fuzz	1054	0	45.4
1790348450	fuzz	1051	0	300.0
1790348640	pattern_fuzz+diag	1053	0	111.1
1790348750	mt_prop	1054	0	1.9
1790348752	layout_prop	1054	0	0.6
1790348751	prop	1054	0	4.6
1790348756	thread_storm	1054	0	4.2
1790348760	stw_mt	1055	0	7.9
1790348768	stw_mt+diag	1055	0	7.9
1790348776	stw_mt_hdr_tlab	1055	0	5.9
1790348782	stw_mt_hdr_tlab	1055	0	6.0
1790348788	stw_mt_hdr_tlab	1055	0	6.0
1790348794	stw_mt_hdr_tlab_nursery	1055	0	14.5
1790348550	fuzz	1052	0	300.0
1790348808	pattern_fuzz	1055	0	44.4
1790348744	pattern_fuzz+diag	1054	0	110.3
1790348853	mt_prop	1055	0	1.9
1790348854	layout_prop	1055	0	0.6
1790348854	prop	1055	0	4.6
1790348859	thread_storm	1055	0	4.2
1790348863	stw_mt	1056	0	7.9
1790348871	stw_mt+diag	1056	0	7.9
1790348879	stw_mt_hdr_tlab	1056	0	6.0
1790348885	stw_mt_hdr_tlab	1056	0	5.9
1790348891	stw_mt_hdr_tlab	1056	0	5.9
1790348897	stw_mt_hdr_tlab_nursery	1056	0	7.3
1790348904	pattern_fuzz	1056	0	44.6
1790348654	fuzz	1053	0	300.0
1790348954	mt_prop	1056	0	1.9
1790348850	pattern_fuzz+diag	1055	0	110.2
1790348956	prop	1056	0	4.6
1790348960	layout_prop	1056	0	0.6
1790348961	thread_storm	1056	0	4.2
1790348965	stw_mt	1057	0	7.7
1790348973	stw_mt+diag	1057	0	7.8
1790348980	stw_mt_hdr_tlab	1057	0	5.9
1790348986	stw_mt_hdr_tlab	1057	0	6.0
1790348992	stw_mt_hdr_tlab	1057	0	6.0
1790348998	stw_mt_hdr_tlab_nursery	1057	0	7.3
1790349006	pattern_fuzz	1057	0	46.1
1790348752	fuzz	1054	0	300.0
1790349052	mt_prop	1057	0	1.9
1790349054	prop	1057	0	4.6
1790348949	pattern_fuzz+diag	1056	0	110.6
1790349059	layout_prop	1057	0	0.6
1790349060	thread_storm	1057	0	4.2
1790349064	stw_mt	1058	0	7.9
1790349072	stw_mt+diag	1058	0	7.8
1790349079	stw_mt_hdr_tlab	1058	0	5.9
1790349085	stw_mt_hdr_tlab	1058	0	6.0
1790349091	stw_mt_hdr_tlab	1058	0	5.9
1790349097	stw_mt_hdr_tlab_nursery	1058	0	7.4
1790349105	pattern_fuzz	1058	0	44.4
1790348855	fuzz	1055	0	300.0
1790349155	mt_prop	1058	0	1.9
1790349052	pattern_fuzz+diag	1057	0	109.6
1790349157	prop	1058	0	4.6
1790349161	layout_prop	1058	0	0.6
1790349162	thread_storm	1058	0	4.2
1790349166	stw_mt	1059	0	7.8
1790349174	stw_mt+diag	1059	0	7.8
1790349182	stw_mt_hdr_tlab	1059	0	6.0
1790349188	stw_mt_hdr_tlab	1059	0	5.9
1790349194	stw_mt_hdr_tlab	1059	0	5.9
1790349200	stw_mt_hdr_tlab_nursery	1059	0	7.4
1790349207	pattern_fuzz	1059	0	45.1
1790349149	pattern_fuzz+diag	1058	0	110.7
1790348960	fuzz	1056	0	300.0
1790349260	mt_prop	1059	0	1.9
1790349262	layout_prop	1059	0	0.6
1790349260	prop	1059	0	4.6
1790349265	thread_storm	1059	0	4.2
1790349269	stw_mt	1060	0	8.0
1790349277	stw_mt+diag	1060	0	7.9
1790349285	stw_mt_hdr_tlab	1060	0	6.0
1790349291	stw_mt_hdr_tlab	1060	0	5.9
1790349297	stw_mt_hdr_tlab	1060	0	6.0
1790349303	stw_mt_hdr_tlab_nursery	1060	0	7.2
1790349310	pattern_fuzz	1060	0	45.3
1790349059	fuzz	1057	0	300.0
1790349359	mt_prop	1060	0	1.9
1790349252	pattern_fuzz+diag	1059	0	110.7
1790349363	layout_prop	1060	0	0.6
1790349361	prop	1060	0	4.6
1790349366	thread_storm	1060	0	4.1
1790349370	stw_mt	1061	0	7.8
1790349378	stw_mt+diag	1061	0	7.8
1790349386	stw_mt_hdr_tlab	1061	0	6.0
1790349392	stw_mt_hdr_tlab	1061	0	6.0
1790349398	stw_mt_hdr_tlab	1061	0	5.8
1790349404	stw_mt_hdr_tlab_nursery	1061	0	7.3
1790349411	pattern_fuzz	1061	0	46.3
1790349162	fuzz	1058	0	300.0
1790349462	mt_prop	1061	0	1.9
1790349356	pattern_fuzz+diag	1060	0	110.4
1790349466	layout_prop	1061	0	0.6
1790349463	prop	1061	0	4.6
1790349468	thread_storm	1061	0	4.2
1790349472	stw_mt	1062	0	7.9
1790349480	stw_mt+diag	1062	0	8.0
1790349488	stw_mt_hdr_tlab	1062	0	5.9
1790349494	stw_mt_hdr_tlab	1062	0	5.9
1790349500	stw_mt_hdr_tlab	1062	0	5.9
1790349506	stw_mt_hdr_tlab_nursery	1062	0	7.5
1790349513	pattern_fuzz	1062	0	45.2
1790349262	fuzz	1059	0	300.0
1790349562	mt_prop	1062	0	1.9
1790349457	pattern_fuzz+diag	1061	0	109.7
1790349567	layout_prop	1062	0	0.6
1790349564	prop	1062	0	4.6
1790349569	thread_storm	1062	0	4.2
1790349573	stw_mt	1063	0	7.9
1790349581	stw_mt+diag	1063	0	7.8
1790349589	stw_mt_hdr_tlab	1063	0	5.9
1790349595	stw_mt_hdr_tlab	1063	0	6.0
1790349601	stw_mt_hdr_tlab	1063	0	13.0
1790349614	stw_mt_hdr_tlab_nursery	1063	0	7.4
1790349363	fuzz	1060	0	300.0
1790349621	pattern_fuzz	1063	0	44.9
1790349666	mt_prop	1063	0	1.9
1790349559	pattern_fuzz+diag	1062	0	110.3
1790349669	layout_prop	1063	0	0.6
1790349668	prop	1063	0	4.6
1790349672	thread_storm	1063	0	4.2
1790349676	stw_mt	1064	0	8.0
1790349684	stw_mt+diag	1064	0	7.8
1790349692	stw_mt_hdr_tlab	1064	0	5.9
1790349698	stw_mt_hdr_tlab	1064	0	6.0
1790349704	stw_mt_hdr_tlab	1064	0	5.9
1790349710	stw_mt_hdr_tlab_nursery	1064	0	7.3
1790349717	pattern_fuzz	1064	0	45.9
1790349467	fuzz	1061	0	300.0
1790349767	mt_prop	1064	0	1.9
1790349768	prop	1064	0	4.6
1790349773	layout_prop	1064	0	0.6
1790349663	pattern_fuzz+diag	1063	0	111.3
1790349775	thread_storm	1064	0	4.2
1790349779	stw_mt	1065	0	7.8
1790349787	stw_mt+diag	1065	0	7.8
1790349795	stw_mt_hdr_tlab	1065	0	5.9
1790349800	stw_mt_hdr_tlab	1065	0	5.9
1790349806	stw_mt_hdr_tlab	1065	0	5.9
1790349812	stw_mt_hdr_tlab_nursery	1065	0	7.4
1790349820	pattern_fuzz	1065	0	45.2
1790349567	fuzz	1062	0	300.0
1790349867	mt_prop	1065	0	1.9
1790349869	prop	1065	0	4.7
1790349874	layout_prop	1065	0	0.6
1790349763	pattern_fuzz+diag	1064	0	112.0
1790349875	thread_storm	1065	0	4.1
1790349879	stw_mt	1066	0	7.8
1790349887	stw_mt+diag	1066	0	8.0
1790349895	stw_mt_hdr_tlab	1066	0	5.9
1790349901	stw_mt_hdr_tlab	1066	0	5.9
1790349907	stw_mt_hdr_tlab	1066	0	5.9
1790349913	stw_mt_hdr_tlab_nursery	1066	0	7.3
1790349920	pattern_fuzz	1066	0	44.6
1790349669	fuzz	1063	0	300.0
1790349970	mt_prop	1066	0	1.9
1790349865	pattern_fuzz+diag	1065	0	111.2
1790349971	prop	1066	0	4.6
1790349976	layout_prop	1066	0	0.6
1790349977	thread_storm	1066	0	4.2
1790349981	stw_mt	1067	0	7.9
1790349989	stw_mt+diag	1067	0	7.8
1790349997	stw_mt_hdr_tlab	1067	0	5.9
1790350003	stw_mt_hdr_tlab	1067	0	5.9
1790350008	stw_mt_hdr_tlab	1067	0	5.9
1790350014	stw_mt_hdr_tlab_nursery	1067	0	14.3
1790349774	fuzz	1064	0	300.0
1790350029	pattern_fuzz	1067	0	48.7
1790350077	mt_prop	1067	0	1.9
1790349965	pattern_fuzz+diag	1066	0	114.9
1790350080	layout_prop	1067	0	0.6
1790350079	prop	1067	0	4.7
1790350084	thread_storm	1067	0	4.2
1790350088	stw_mt	1068	0	8.0
1790350096	stw_mt+diag	1068	0	8.0
1790350104	stw_mt_hdr_tlab	1068	0	5.9
1790350110	stw_mt_hdr_tlab	1068	0	5.9
1790350116	stw_mt_hdr_tlab	1068	0	6.1
1790350122	stw_mt_hdr_tlab_nursery	1068	0	7.4
1790349875	fuzz	1065	0	300.0
1790350129	pattern_fuzz	1068	0	46.1
1790350176	mt_prop	1068	0	1.9
1790350177	prop	1068	0	4.7
1790350182	layout_prop	1068	0	0.7
1790350074	pattern_fuzz+diag	1067	0	112.6
1790350186	thread_storm	1068	0	4.2
1790350191	stw_mt	1069	0	7.9
1790350198	stw_mt+diag	1069	0	7.8
1790350206	stw_mt_hdr_tlab	1069	0	5.9
1790350212	stw_mt_hdr_tlab	1069	0	5.9
1790350218	stw_mt_hdr_tlab	1069	0	5.9
1790350224	stw_mt_hdr_tlab_nursery	1069	0	7.4
1790349976	fuzz	1066	0	300.0
1790350231	pattern_fuzz	1069	0	45.6
1790350277	mt_prop	1069	0	1.9
1790350279	prop	1069	0	4.7
1790350283	layout_prop	1069	0	0.7
1790350175	pattern_fuzz+diag	1068	0	112.6
1790350287	thread_storm	1069	0	4.2
1790350291	stw_mt	1070	0	7.8
1790350299	stw_mt+diag	1070	0	8.0
1790350307	stw_mt_hdr_tlab	1070	0	6.0
1790350313	stw_mt_hdr_tlab	1070	0	5.9
1790350319	stw_mt_hdr_tlab	1070	0	5.9
1790350325	stw_mt_hdr_tlab_nursery	1070	0	7.3
1790350332	pattern_fuzz	1070	0	45.1
1790350080	fuzz	1067	0	300.0
1790350380	mt_prop	1070	0	1.9
1790350382	prop	1070	0	4.6
1790350387	layout_prop	1070	0	0.7
1790350276	pattern_fuzz+diag	1069	0	112.6
1790350389	thread_storm	1070	0	4.2
1790350393	stw_mt	1071	0	7.9
1790350401	stw_mt+diag	1071	0	7.9
1790350409	stw_mt_hdr_tlab	1071	0	5.9
1790350415	stw_mt_hdr_tlab	1071	0	5.9
1790350421	stw_mt_hdr_tlab	1071	0	5.8
1790350426	stw_mt_hdr_tlab_nursery	1071	0	7.4
1790350434	pattern_fuzz	1071	0	44.3
1790350183	fuzz	1068	0	300.0
1790350483	mt_prop	1071	0	1.9
1790350378	pattern_fuzz+diag	1070	0	111.3
1790350485	prop	1071	0	4.6
1790350489	layout_prop	1071	0	0.7
1790350490	thread_storm	1071	0	4.2
1790350494	stw_mt	1072	0	7.8
1790350502	stw_mt+diag	1072	0	7.8
1790350509	stw_mt_hdr_tlab	1072	0	6.0
1790350515	stw_mt_hdr_tlab	1072	0	5.9
1790350521	stw_mt_hdr_tlab	1072	0	5.8
1790350527	stw_mt_hdr_tlab_nursery	1072	0	7.3
1790350534	pattern_fuzz	1072	0	45.1
1790350284	fuzz	1069	0	300.0
1790350584	mt_prop	1072	0	1.9
1790350478	pattern_fuzz+diag	1071	0	111.6
1790350590	layout_prop	1072	0	0.7
1790350586	prop	1072	0	4.6
1790350591	thread_storm	1072	0	4.2
1790350595	stw_mt	1073	0	8.0
1790350603	stw_mt+diag	1073	0	7.9
1790350611	stw_mt_hdr_tlab	1073	0	5.9
1790350617	stw_mt_hdr_tlab	1073	0	5.9
1790350623	stw_mt_hdr_tlab	1073	0	5.9
1790350629	stw_mt_hdr_tlab_nursery	1073	0	7.4
1790350636	pattern_fuzz	1073	0	45.5
1790350387	fuzz	1070	0	300.0
1790350687	mt_prop	1073	0	1.9
1790350579	pattern_fuzz+diag	1072	0	112.0
1790350691	layout_prop	1073	0	0.7
1790350689	prop	1073	0	4.6
1790350694	thread_storm	1073	0	4.2
1790350698	stw_mt	1074	0	7.9
1790350706	stw_mt+diag	1074	0	7.8
1790350714	stw_mt_hdr_tlab	1074	0	5.9
1790350720	stw_mt_hdr_tlab	1074	0	5.9
1790350726	stw_mt_hdr_tlab	1074	0	5.9
1790350732	stw_mt_hdr_tlab_nursery	1074	0	7.3
1790350739	pattern_fuzz	1074	0	45.2
1790350489	fuzz	1071	0	300.0
1790350789	mt_prop	1074	0	1.9
1790350681	pattern_fuzz+diag	1073	0	110.3
1790350792	layout_prop	1074	0	0.6
1790350791	prop	1074	0	4.7
1790350796	thread_storm	1074	0	4.2
1790350800	stw_mt	1075	0	7.7
1790350808	stw_mt+diag	1075	0	7.9
1790350816	stw_mt_hdr_tlab	1075	0	6.0
1790350822	stw_mt_hdr_tlab	1075	0	5.8
1790350828	stw_mt_hdr_tlab	1075	0	6.0
1790350834	stw_mt_hdr_tlab_nursery	1075	0	7.4
1790350841	pattern_fuzz	1075	0	46.1
1790350590	fuzz	1072	0	300.0
1790350890	mt_prop	1075	0	1.9
1790350784	pattern_fuzz+diag	1074	0	111.0
1790350895	layout_prop	1075	0	0.7
1790350892	prop	1075	0	4.7
1790350897	thread_storm	1075	0	4.3
1790350901	stw_mt	1076	0	7.8
1790350909	stw_mt+diag	1076	0	7.9
1790350917	stw_mt_hdr_tlab	1076	0	6.0
1790350923	stw_mt_hdr_tlab	1076	0	5.8
1790350929	stw_mt_hdr_tlab	1076	0	5.9
1790350935	stw_mt_hdr_tlab_nursery	1076	0	7.3
1790350942	pattern_fuzz	1076	0	46.0
1790350692	fuzz	1073	0	300.0
1790350992	mt_prop	1076	0	1.9
1790350887	pattern_fuzz+diag	1075	0	109.6
1790350997	layout_prop	1076	0	0.7
1790350994	prop	1076	0	4.6
1790350999	thread_storm	1076	0	4.2
1790351003	stw_mt	1077	0	7.9
1790351011	stw_mt+diag	1077	0	7.8
1790351018	stw_mt_hdr_tlab	1077	0	5.8
1790351024	stw_mt_hdr_tlab	1077	0	5.9
1790351030	stw_mt_hdr_tlab	1077	0	5.8
1790351036	stw_mt_hdr_tlab_nursery	1077	0	7.3
1790351043	pattern_fuzz	1077	0	44.4
1790350792	fuzz	1074	0	300.0
1790351092	mt_prop	1077	0	1.9
1790350988	pattern_fuzz+diag	1076	0	110.2
1790351094	prop	1077	0	4.6
1790351098	layout_prop	1077	0	0.6
1790351099	thread_storm	1077	0	4.1
1790351103	stw_mt	1078	0	7.8
1790351111	stw_mt+diag	1078	0	7.8
1790351119	stw_mt_hdr_tlab	1078	0	5.8
1790351124	stw_mt_hdr_tlab	1078	0	6.0
1790351130	stw_mt_hdr_tlab	1078	0	5.8
1790351136	stw_mt_hdr_tlab_nursery	1078	0	7.4
1790351144	pattern_fuzz	1078	0	46.0
1790350896	fuzz	1075	0	300.0
1790351196	mt_prop	1078	0	1.9
1790351088	pattern_fuzz+diag	1077	0	111.8
1790351200	layout_prop	1078	0	0.6
1790351198	prop	1078	0	4.6
1790351202	thread_storm	1078	0	4.2
1790351206	stw_mt	1079	0	7.9
1790351214	stw_mt+diag	1079	0	7.9
1790351222	stw_mt_hdr_tlab	1079	0	6.0
1790351228	stw_mt_hdr_tlab	1079	0	6.1
1790351234	stw_mt_hdr_tlab	1079	0	6.6
1790351241	stw_mt_hdr_tlab_nursery	1079	0	7.9
1790350997	fuzz	1076	0	300.0
1790351249	pattern_fuzz	1079	0	49.5
1790351298	mt_prop	1079	0	1.9
1790351300	prop	1079	0	5.0
1790351190	pattern_fuzz+diag	1078	0	115.9
1790351305	layout_prop	1079	0	0.7
1790351306	thread_storm	1079	0	4.5
1790351310	stw_mt	1080	0	8.6
1790351319	stw_mt+diag	1080	0	8.6
1790351327	stw_mt_hdr_tlab	1080	0	6.3
1790351334	stw_mt_hdr_tlab	1080	0	6.2
1790351340	stw_mt_hdr_tlab	1080	0	6.4
1790351346	stw_mt_hdr_tlab_nursery	1080	0	8.0
1790351099	fuzz	1077	0	300.0
1790351354	pattern_fuzz	1080	0	48.3
1790351297	pattern_fuzz+diag	1079	0	114.9
1790351200	fuzz	1078	0	300.0
1790351306	fuzz	1079	0	300.0
