1790439633	stw_mt+diag	20000	0	2.7
1790439633	stw_mt+diag	20000	0	2.7
1790439633	stw_mt_hdr_tlab	20000	0	2.8
1790439633	stw_mt	20000	0	2.8
1790439636	churn	20000	0	0.8
1790439636	churn_hdr	20000	0	0.8
1790439636	thread_storm	20000	0	0.8
1790439633	stw_mt_hdr_tlab_nursery	20000	0	4.5
1790439636	stw_mt	20001	0	2.3
1790439637	stw_mt+diag	20001	0	2.4
1790439637	stw_mt+diag	20001	0	2.4
1790439639	stw_mt_hdr_tlab	20001	0	2.2
1790439641	churn	20001	0	0.6
1790439641	churn_hdr	20001	0	0.7
1790439640	stw_mt_hdr_tlab_nursery	20001	0	3.7
1790439643	thread_storm	20001	0	0.8
1790439644	stw_mt	20002	0	2.0
1790439646	stw_mt+diag	20002	0	2.1
1790439636	index_grow	20000	0	12.7
1790439648	stw_mt+diag	20002	0	2.2
1790439648	stw_mt_hdr_tlab	20002	0	2.4
1790439642	index_grow	20001	0	11.2
1790439653	churn	20002	0	0.7
1790439650	stw_mt_hdr_tlab_nursery	20002	0	4.1
1790439654	churn_hdr	20002	0	0.7
1790439655	thread_storm	20002	0	0.8
1790439655	stw_mt	20003	0	2.1
1790439658	stw_mt+diag	20003	0	1.9
1790439660	stw_mt+diag	20003	0	1.8
1790439661	stw_mt_hdr_tlab	20003	0	2.0
1790439663	stw_mt_hdr_tlab_nursery	20003	0	3.7
1790439654	index_grow	20002	0	12.9
1790439667	churn	20003	0	0.7
1790439668	churn_hdr	20003	0	0.7
1790439669	index_grow	20003	0	12.3
1790439681	thread_storm	20003	0	0.7
1790439682	stw_mt	20004	0	1.8
1790439683	stw_mt+diag	20004	0	1.8
1790439685	stw_mt+diag	20004	0	1.9
1790439687	stw_mt_hdr_tlab	20004	0	2.0
1790439689	stw_mt_hdr_tlab_nursery	20004	0	3.6
1790439636	pattern_fuzz+diag	20000	0	171.7
1790439807	churn	20004	0	0.6
1790439808	churn_hdr	20004	0	0.6
1790439640	pattern_fuzz+diag	20001	0	170.8
1790439810	thread_storm	20004	0	0.7
1790439811	stw_mt	20005	0	1.7
1790439813	stw_mt+diag	20005	0	1.8
1790439815	stw_mt+diag	20005	0	1.7
1790439816	stw_mt_hdr_tlab	20005	0	1.8
1790439808	index_grow	20004	0	11.8
1790439818	stw_mt_hdr_tlab_nursery	20005	0	3.5
1790439651	pattern_fuzz+diag	20002	0	171.2
1790439822	churn	20005	0	0.6
1790439822	churn_hdr	20005	0	0.6
1790439822	thread_storm	20005	0	0.7
1790439823	stw_mt	20006	0	2.2
1790439825	stw_mt+diag	20006	0	1.9
1790439827	stw_mt+diag	20006	0	2.1
1790439829	stw_mt_hdr_tlab	20006	0	2.2
1790439822	index_grow	20005	0	12.1
1790439832	stw_mt_hdr_tlab_nursery	20006	0	3.9
1790439836	churn	20006	0	0.7
1790439667	pattern_fuzz+diag	20003	0	169.8
1790439836	churn_hdr	20006	0	0.7
1790439837	thread_storm	20006	0	0.8
1790439838	stw_mt	20007	0	2.2
1790439840	stw_mt+diag	20007	0	2.2
1790439842	stw_mt+diag	20007	0	2.2
1790439844	stw_mt_hdr_tlab	20007	0	2.4
1790439847	stw_mt_hdr_tlab_nursery	20007	0	4.1
1790439837	index_grow	20006	0	15.6
1790439852	churn	20007	0	0.8
1790439853	churn_hdr	20007	0	0.7
1790439693	pattern_fuzz+diag	20004	0	169.2
1790439862	thread_storm	20007	0	0.8
1790439863	stw_mt	20008	0	2.2
1790439865	stw_mt+diag	20008	0	2.2
1790439867	stw_mt+diag	20008	0	2.5
1790439854	index_grow	20007	0	17.2
1790439870	stw_mt_hdr_tlab	20008	0	2.2
1790439871	stw_mt_hdr_tlab_nursery	20008	0	3.9
1790439875	churn	20008	0	0.7
1790439876	churn_hdr	20008	0	0.6
1790439876	index_grow	20008	0	15.4
1790439892	thread_storm	20008	0	0.8
1790439892	stw_mt	20009	0	2.3
1790439895	stw_mt+diag	20009	0	2.1
1790439897	stw_mt+diag	20009	0	2.1
1790439899	stw_mt_hdr_tlab	20009	0	2.3
1790439901	stw_mt_hdr_tlab_nursery	20009	0	4.0
1790439820	pattern_fuzz+diag	20005	0	180.1
1790440000	churn	20009	0	0.7
1790440001	churn_hdr	20009	0	0.7
1790439834	pattern_fuzz+diag	20006	0	179.3
1790440014	thread_storm	20009	0	0.8
1790440002	index_grow	20009	0	14.2
1790440015	stw_mt	20010	0	2.3
1790440016	stw_mt+diag	20010	0	2.2
1790440017	stw_mt+diag	20010	0	2.1
1790440018	stw_mt_hdr_tlab	20010	0	2.4
1790440019	stw_mt_hdr_tlab_nursery	20010	0	4.9
1790440024	churn	20010	0	0.8
1790440025	churn_hdr	20010	0	0.7
1790439851	pattern_fuzz+diag	20007	0	179.6
1790440030	thread_storm	20010	0	0.8
1790440031	stw_mt	20011	0	2.2
1790440033	stw_mt+diag	20011	0	2.2
1790440025	index_grow	20010	0	10.3
1790440036	stw_mt+diag	20011	0	2.5
1790440036	stw_mt_hdr_tlab	20011	0	2.5
1790440038	stw_mt_hdr_tlab_nursery	20011	0	4.3
1790440042	churn	20011	0	0.8
1790440043	churn_hdr	20011	0	0.7
1790439872	pattern_fuzz+diag	20008	0	179.3
1790440051	thread_storm	20011	0	0.8
1790440052	stw_mt	20012	0	2.1
1790440044	index_grow	20011	0	12.0
1790440054	stw_mt+diag	20012	0	2.6
1790440056	stw_mt+diag	20012	0	3.1
1790440056	stw_mt_hdr_tlab	20012	0	3.2
1790440059	stw_mt_hdr_tlab_nursery	20012	0	5.6
1790440065	churn	20012	0	0.9
1790440065	churn_hdr	20012	0	0.9
1790440066	index_grow	20012	0	6.3
1790440073	thread_storm	20012	0	1.0
1790440074	stw_mt	20013	0	2.7
1790440076	stw_mt+diag	20013	0	2.8
1790440079	stw_mt+diag	20013	0	2.8
1790440082	stw_mt_hdr_tlab	20013	0	2.7
1790439905	pattern_fuzz+diag	20009	0	184.5
1790440085	stw_mt_hdr_tlab_nursery	20013	0	4.9
1790440090	churn	20013	0	0.9
1790440091	churn_hdr	20013	0	0.8
1790440091	index_grow	20013	0	5.8
1790440097	thread_storm	20013	0	1.0
1790440098	stw_mt	20014	0	2.8
1790440101	stw_mt+diag	20014	0	2.6
1790440104	stw_mt+diag	20014	0	2.7
1790440106	stw_mt_hdr_tlab	20014	0	2.8
1790440109	stw_mt_hdr_tlab_nursery	20014	0	5.3
1790440020	pattern_fuzz+diag	20010	0	200.0
1790440220	churn	20014	0	0.9
1790440221	churn_hdr	20014	0	0.9
1790440222	index_grow	20014	0	5.9
1790440228	thread_storm	20014	0	0.9
1790440229	stw_mt	20015	0	3.1
1790440232	stw_mt+diag	20015	0	3.3
1790440235	stw_mt+diag	20015	0	3.3
1790440038	pattern_fuzz+diag	20011	0	202.8
1790440239	stw_mt_hdr_tlab	20015	0	3.5
1790440241	stw_mt_hdr_tlab_nursery	20015	0	5.2
1790440246	churn	20015	0	0.9
1790440247	churn_hdr	20015	0	0.8
1790440248	index_grow	20015	0	4.6
1790440252	thread_storm	20015	0	0.9
1790440253	stw_mt	20016	0	2.9
1790440256	stw_mt+diag	20016	0	3.1
1790440060	pattern_fuzz+diag	20012	0	201.8
1790440259	stw_mt+diag	20016	0	3.7
1790440261	stw_mt_hdr_tlab	20016	0	3.5
1790440263	stw_mt_hdr_tlab_nursery	20016	0	5.4
1790440268	churn	20016	0	0.8
1790440269	churn_hdr	20016	0	0.8
1790440270	index_grow	20016	0	6.3
1790440276	thread_storm	20016	0	1.0
1790440277	stw_mt	20017	0	3.0
1790440280	stw_mt+diag	20017	0	3.0
1790440283	stw_mt+diag	20017	0	3.2
1790440286	stw_mt_hdr_tlab	20017	0	3.2
1790440090	pattern_fuzz+diag	20013	0	201.1
1790440290	stw_mt_hdr_tlab_nursery	20017	0	5.6
1790440295	churn	20017	0	0.8
1790440296	churn_hdr	20017	0	0.8
1790440297	index_grow	20017	0	4.1
1790440301	thread_storm	20017	0	0.9
1790440302	stw_mt	20018	0	2.7
1790440304	stw_mt+diag	20018	0	3.1
1790440307	stw_mt+diag	20018	0	3.0
1790440310	stw_mt_hdr_tlab	20018	0	3.0
1790440114	pattern_fuzz+diag	20014	0	202.1
1790440313	stw_mt_hdr_tlab_nursery	20018	0	5.8
1790440319	churn	20018	0	0.8
1790440320	churn_hdr	20018	0	0.9
1790440321	index_grow	20018	0	5.8
1790440327	thread_storm	20018	0	0.8
1790440328	stw_mt	20019	0	2.2
1790440330	stw_mt+diag	20019	0	2.7
1790440332	stw_mt+diag	20019	0	2.5
1790440335	stw_mt_hdr_tlab	20019	0	2.4
1790440337	stw_mt_hdr_tlab_nursery	20019	0	5.2
1790440242	pattern_fuzz+diag	20015	0	182.7
1790440425	churn	20019	0	0.7
1790440426	churn_hdr	20019	0	0.7
1790440426	index_grow	20019	0	5.8
1790440432	thread_storm	20019	0	0.9
1790440433	stw_mt	20020	0	2.2
1790440435	stw_mt+diag	20020	0	2.2
1790440437	stw_mt+diag	20020	0	2.2
1790440440	stw_mt_hdr_tlab	20020	0	2.1
1790440442	stw_mt_hdr_tlab_nursery	20020	0	3.9
1790440265	pattern_fuzz+diag	20016	0	182.5
1790440447	churn	20020	0	0.7
1790440448	churn_hdr	20020	0	0.7
1790440449	index_grow	20020	0	5.5
1790440454	thread_storm	20020	0	0.8
1790440455	stw_mt	20021	0	2.6
1790440458	stw_mt+diag	20021	0	2.3
1790440460	stw_mt+diag	20021	0	2.4
1790440462	stw_mt_hdr_tlab	20021	0	2.5
1790440291	pattern_fuzz+diag	20017	0	178.0
1790440465	stw_mt_hdr_tlab_nursery	20021	0	4.4
1790440469	churn	20021	0	0.9
1790440470	churn_hdr	20021	0	0.7
1790440471	index_grow	20021	0	6.5
1790440477	thread_storm	20021	0	1.0
1790440478	stw_mt	20022	0	2.9
1790440481	stw_mt+diag	20022	0	3.0
1790440484	stw_mt+diag	20022	0	3.0
1790440487	stw_mt_hdr_tlab	20022	0	3.0
1790440490	stw_mt_hdr_tlab_nursery	20022	0	5.2
1790440317	pattern_fuzz+diag	20018	0	179.9
1790440496	churn	20022	0	0.9
1790440497	churn_hdr	20022	0	1.0
1790440498	index_grow	20022	0	6.2
1790440505	thread_storm	20022	0	0.9
1790440506	stw_mt	20023	0	3.3
1790440509	stw_mt+diag	20023	0	2.9
1790440512	stw_mt+diag	20023	0	2.9
1790440515	stw_mt_hdr_tlab	20023	0	2.8
1790440342	pattern_fuzz+diag	20019	0	179.3
1790440518	stw_mt_hdr_tlab_nursery	20023	0	5.2
1790440523	churn	20023	0	0.8
1790440524	churn_hdr	20023	0	0.8
1790440524	index_grow	20023	0	4.8
1790440529	thread_storm	20023	0	0.9
1790440530	stw_mt	20024	0	2.8
1790440533	stw_mt+diag	20024	0	3.1
1790440536	stw_mt+diag	20024	0	2.9
1790440539	stw_mt_hdr_tlab	20024	0	2.9
1790440542	stw_mt_hdr_tlab_nursery	20024	0	4.3
1790440446	pattern_fuzz+diag	20020	0	183.7
1790440629	churn	20024	0	0.6
1790440630	churn_hdr	20024	0	0.6
1790440631	index_grow	20024	0	5.5
1790440636	thread_storm	20024	0	0.8
1790440637	stw_mt	20025	0	2.4
1790440639	stw_mt+diag	20025	0	2.2
1790440641	stw_mt+diag	20025	0	2.2
1790440644	stw_mt_hdr_tlab	20025	0	2.1
1790440646	stw_mt_hdr_tlab_nursery	20025	0	3.8
1790440469	pattern_fuzz+diag	20021	0	186.6
1790440655	churn	20025	0	0.7
1790440656	churn_hdr	20025	0	0.7
1790440657	index_grow	20025	0	5.5
1790440662	thread_storm	20025	0	0.8
1790440663	stw_mt	20026	0	2.3
1790440665	stw_mt+diag	20026	0	2.5
1790440668	stw_mt+diag	20026	0	2.4
1790440670	stw_mt_hdr_tlab	20026	0	2.4
1790440673	stw_mt_hdr_tlab_nursery	20026	0	4.3
1790440495	pattern_fuzz+diag	20022	0	183.9
1790440679	churn	20026	0	0.7
1790440680	churn_hdr	20026	0	0.7
1790440681	index_grow	20026	0	5.9
1790440687	thread_storm	20026	0	0.9
1790440687	stw_mt	20027	0	2.4
1790440690	stw_mt+diag	20027	0	2.5
1790440692	stw_mt+diag	20027	0	2.3
1790440695	stw_mt_hdr_tlab	20027	0	2.6
1790440522	pattern_fuzz+diag	20023	0	178.8
1790440697	stw_mt_hdr_tlab_nursery	20027	0	4.2
1790440701	churn	20027	0	0.8
1790440702	churn_hdr	20027	0	0.7
1790440703	index_grow	20027	0	5.6
1790440709	thread_storm	20027	0	0.9
1790440709	stw_mt	20028	0	2.4
1790440712	stw_mt+diag	20028	0	2.6
1790440715	stw_mt+diag	20028	0	2.5
1790440717	stw_mt_hdr_tlab	20028	0	2.4
1790440546	pattern_fuzz+diag	20024	0	175.9
1790440719	stw_mt_hdr_tlab_nursery	20028	0	3.9
1790440723	churn	20028	0	0.6
1790440724	churn_hdr	20028	0	0.6
1790440725	index_grow	20028	0	10.5
1790440735	thread_storm	20028	0	0.8
1790440736	stw_mt	20029	0	1.8
1790440738	stw_mt+diag	20029	0	1.8
1790440739	stw_mt+diag	20029	0	1.6
1790440741	stw_mt_hdr_tlab	20029	0	1.7
1790440743	stw_mt_hdr_tlab_nursery	20029	0	3.2
1790440650	pattern_fuzz+diag	20025	0	168.3
1790440818	churn	20029	0	0.7
1790440819	churn_hdr	20029	0	0.7
1790440819	index_grow	20029	0	13.6
1790440833	thread_storm	20029	0	0.7
1790440833	stw_mt	20030	0	1.9
1790440835	stw_mt+diag	20030	0	1.8
1790440837	stw_mt+diag	20030	0	1.8
1790440839	stw_mt_hdr_tlab	20030	0	2.0
1790440841	stw_mt_hdr_tlab_nursery	20030	0	3.6
1790440677	pattern_fuzz+diag	20026	0	167.6
1790440845	churn	20030	0	0.7
1790440845	churn_hdr	20030	0	0.7
1790440846	index_grow	20030	0	13.5
1790440859	thread_storm	20030	0	0.7
1790440860	stw_mt	20031	0	1.8
1790440862	stw_mt+diag	20031	0	1.9
1790440864	stw_mt+diag	20031	0	1.8
1790440701	pattern_fuzz+diag	20027	0	166.4
1790440866	stw_mt_hdr_tlab	20031	0	1.9
1790440867	stw_mt_hdr_tlab_nursery	20031	0	3.6
1790440871	churn	20031	0	0.6
1790440871	churn_hdr	20031	0	0.7
1790440872	index_grow	20031	0	12.5
1790440884	thread_storm	20031	0	0.7
1790440885	stw_mt	20032	0	1.8
1790440887	stw_mt+diag	20032	0	1.8
1790440722	pattern_fuzz+diag	20028	0	167.1
1790440889	stw_mt+diag	20032	0	1.9
1790440889	stw_mt_hdr_tlab	20032	0	2.1
1790440891	stw_mt_hdr_tlab_nursery	20032	0	3.5
1790440894	churn	20032	0	0.6
1790440895	churn_hdr	20032	0	0.6
1790440895	index_grow	20032	0	12.0
1790440907	thread_storm	20032	0	0.7
1790440908	stw_mt	20033	0	1.7
1790440746	pattern_fuzz+diag	20029	0	164.7
1790440910	stw_mt+diag	20033	0	1.7
1790440911	stw_mt+diag	20033	0	1.8
1790440911	stw_mt_hdr_tlab	20033	0	1.9
1790440912	stw_mt_hdr_tlab_nursery	20033	0	3.3
1790440916	churn	20033	0	0.6
1790440916	churn_hdr	20033	0	0.6
1790440917	index_grow	20033	0	13.0
1790440930	thread_storm	20033	0	0.7
1790440931	stw_mt	20034	0	1.7
1790440932	stw_mt+diag	20034	0	1.8
1790440934	stw_mt+diag	20034	0	1.8
1790440936	stw_mt_hdr_tlab	20034	0	1.9
1790440938	stw_mt_hdr_tlab_nursery	20034	0	3.2
1790440845	pattern_fuzz+diag	20030	0	162.7
1790441007	churn	20034	0	0.6
1790441008	churn_hdr	20034	0	0.6
1790441008	index_grow	20034	0	10.5
1790441019	thread_storm	20034	0	0.7
1790441020	stw_mt	20035	0	1.7
1790441021	stw_mt+diag	20035	0	1.8
1790441023	stw_mt+diag	20035	0	1.7
1790441025	stw_mt_hdr_tlab	20035	0	1.8
1790440868	pattern_fuzz+diag	20031	0	162.2
1790441027	stw_mt_hdr_tlab_nursery	20035	0	3.5
1790441030	churn	20035	0	0.6
1790441031	churn_hdr	20035	0	0.6
1790441031	index_grow	20035	0	14.9
1790441046	thread_storm	20035	0	0.7
1790441047	stw_mt	20036	0	1.8
1790441049	stw_mt+diag	20036	0	1.7
1790441050	stw_mt+diag	20036	0	1.6
1790440891	pattern_fuzz+diag	20032	0	162.3
1790441052	stw_mt_hdr_tlab	20036	0	1.7
1790441053	stw_mt_hdr_tlab_nursery	20036	0	3.4
1790441057	churn	20036	0	0.6
1790441057	churn_hdr	20036	0	0.6
1790441058	index_grow	20036	0	11.9
1790441070	thread_storm	20036	0	0.7
1790441071	stw_mt	20037	0	1.7
1790441072	stw_mt+diag	20037	0	1.9
1790441074	stw_mt+diag	20037	0	1.7
1790441076	stw_mt_hdr_tlab	20037	0	1.8
1790440913	pattern_fuzz+diag	20033	0	164.8
1790441078	stw_mt_hdr_tlab_nursery	20037	0	3.4
1790441081	churn	20037	0	0.6
1790441082	churn_hdr	20037	0	0.6
1790441082	index_grow	20037	0	9.1
1790441091	thread_storm	20037	0	0.7
1790441092	stw_mt	20038	0	1.8
1790441094	stw_mt+diag	20038	0	1.7
1790441096	stw_mt+diag	20038	0	1.8
1790441097	stw_mt_hdr_tlab	20038	0	1.8
1790441099	stw_mt_hdr_tlab_nursery	20038	0	3.4
1790440941	pattern_fuzz+diag	20034	0	164.1
1790441105	churn	20038	0	0.6
1790441106	churn_hdr	20038	0	0.6
1790441106	index_grow	20038	0	11.4
1790441118	thread_storm	20038	0	0.7
1790441118	stw_mt	20039	0	1.7
1790441120	stw_mt+diag	20039	0	2.3
1790441122	stw_mt+diag	20039	0	3.2
1790441126	stw_mt_hdr_tlab	20039	0	3.1
1790441129	stw_mt_hdr_tlab_nursery	20039	0	3.7
1790441030	pattern_fuzz+diag	20035	0	167.6
1790441197	churn	20039	0	0.6
1790441198	churn_hdr	20039	0	0.6
1790441199	index_grow	20039	0	11.0
1790441210	thread_storm	20039	0	0.7
1790441210	stw_mt	20040	0	1.8
1790441212	stw_mt+diag	20040	0	1.7
1790441214	stw_mt+diag	20040	0	1.7
1790441216	stw_mt_hdr_tlab	20040	0	1.7
1790441054	pattern_fuzz+diag	20036	0	164.3
1790441217	stw_mt_hdr_tlab_nursery	20040	0	3.3
1790441221	churn	20040	0	0.6
1790441221	churn_hdr	20040	0	0.6
1790441222	index_grow	20040	0	11.0
1790441233	thread_storm	20040	0	0.7
1790441234	stw_mt	20041	0	1.7
1790441235	stw_mt+diag	20041	0	1.8
1790441237	stw_mt+diag	20041	0	1.8
1790441239	stw_mt_hdr_tlab	20041	0	1.8
1790441078	pattern_fuzz+diag	20037	0	166.2
1790441241	stw_mt_hdr_tlab_nursery	20041	0	3.5
1790441244	churn	20041	0	0.6
1790441245	churn_hdr	20041	0	0.6
1790441245	index_grow	20041	0	12.0
1790441257	thread_storm	20041	0	0.7
1790441258	stw_mt	20042	0	1.9
1790441260	stw_mt+diag	20042	0	2.0
1790441262	stw_mt+diag	20042	0	1.8
1790441264	stw_mt_hdr_tlab	20042	0	1.9
1790441103	pattern_fuzz+diag	20038	0	165.5
1790441266	stw_mt_hdr_tlab_nursery	20042	0	3.6
1790441269	churn	20042	0	0.6
1790441270	churn_hdr	20042	0	0.6
1790441270	index_grow	20042	0	11.1
1790441282	thread_storm	20042	0	0.7
1790441282	stw_mt	20043	0	1.7
1790441284	stw_mt+diag	20043	0	1.8
1790441286	stw_mt+diag	20043	0	1.8
1790441287	stw_mt_hdr_tlab	20043	0	1.9
1790441289	stw_mt_hdr_tlab_nursery	20043	0	3.3
1790441132	pattern_fuzz+diag	20039	0	162.0
1790441294	churn	20043	0	0.6
1790441295	churn_hdr	20043	0	0.6
1790441296	index_grow	20043	0	11.1
1790441307	thread_storm	20043	0	0.7
1790441307	stw_mt	20044	0	1.8
1790441309	stw_mt+diag	20044	0	1.7
1790441311	stw_mt+diag	20044	0	1.7
1790441312	stw_mt_hdr_tlab	20044	0	1.8
1790441314	stw_mt_hdr_tlab_nursery	20044	0	3.3
1790441218	pattern_fuzz+diag	20040	0	163.6
1790441382	churn	20044	0	0.7
1790441382	churn_hdr	20044	0	0.6
1790441383	index_grow	20044	0	11.1
1790441394	thread_storm	20044	0	0.7
1790441395	stw_mt	20045	0	1.7
1790441396	stw_mt+diag	20045	0	1.7
1790441398	stw_mt+diag	20045	0	1.7
1790441400	stw_mt_hdr_tlab	20045	0	1.8
1790441244	pattern_fuzz+diag	20041	0	157.5
1790441402	stw_mt_hdr_tlab_nursery	20045	0	3.2
1790441405	churn	20045	0	0.6
1790441405	churn_hdr	20045	0	0.6
1790441406	index_grow	20045	0	9.7
1790441416	thread_storm	20045	0	0.7
1790441416	stw_mt	20046	0	1.6
1790441418	stw_mt+diag	20046	0	1.7
1790441420	stw_mt+diag	20046	0	1.6
1790441421	stw_mt_hdr_tlab	20046	0	1.7
1790441423	stw_mt_hdr_tlab_nursery	20046	0	3.1
1790441268	pattern_fuzz+diag	20042	0	158.6
1790441427	churn	20046	0	0.6
1790441427	churn_hdr	20046	0	0.6
1790441428	index_grow	20046	0	11.5
1790441439	thread_storm	20046	0	0.7
1790441440	stw_mt	20047	0	1.7
1790441442	stw_mt+diag	20047	0	1.7
1790441443	stw_mt+diag	20047	0	1.7
1790441445	stw_mt_hdr_tlab	20047	0	1.7
1790441447	stw_mt_hdr_tlab_nursery	20047	0	3.1
1790441293	pattern_fuzz+diag	20043	0	158.0
1790441451	churn	20047	0	0.6
1790441451	churn_hdr	20047	0	0.6
1790441452	index_grow	20047	0	11.0
1790441463	thread_storm	20047	0	0.7
1790441463	stw_mt	20048	0	1.7
1790441465	stw_mt+diag	20048	0	1.7
1790441467	stw_mt+diag	20048	0	1.7
1790441468	stw_mt_hdr_tlab	20048	0	1.7
1790441470	stw_mt_hdr_tlab_nursery	20048	0	3.2
1790441318	pattern_fuzz+diag	20044	0	157.0
1790441475	churn	20048	0	0.6
1790441475	churn_hdr	20048	0	0.6
1790441476	index_grow	20048	0	10.3
1790441486	thread_storm	20048	0	0.7
1790441487	stw_mt	20049	0	1.8
1790441488	stw_mt+diag	20049	0	1.8
1790441490	stw_mt+diag	20049	0	1.7
1790441492	stw_mt_hdr_tlab	20049	0	1.7
1790441494	stw_mt_hdr_tlab_nursery	20049	0	3.2
1790441402	pattern_fuzz+diag	20045	0	155.5
1790441557	churn	20049	0	0.6
1790441558	churn_hdr	20049	0	0.6
1790441558	index_grow	20049	0	11.2
1790441569	thread_storm	20049	0	0.7
1790441570	stw_mt	20050	0	1.7
1790441572	stw_mt+diag	20050	0	1.7
1790441573	stw_mt+diag	20050	0	1.6
1790441575	stw_mt_hdr_tlab	20050	0	1.7
1790441577	stw_mt_hdr_tlab_nursery	20050	0	3.1
1790441426	pattern_fuzz+diag	20046	0	154.9
1790441581	churn	20050	0	0.6
1790441582	churn_hdr	20050	0	0.6
1790441582	index_grow	20050	0	10.0
1790441592	thread_storm	20050	0	0.7
1790441593	stw_mt	20051	0	1.7
1790441594	stw_mt+diag	20051	0	1.7
1790441596	stw_mt+diag	20051	0	1.6
1790441598	stw_mt_hdr_tlab	20051	0	1.7
1790441450	pattern_fuzz+diag	20047	0	152.4
1790441599	stw_mt_hdr_tlab_nursery	20051	0	3.1
1790441602	churn	20051	0	0.6
1790441603	churn_hdr	20051	0	0.6
1790441604	index_grow	20051	0	10.4
1790441614	thread_storm	20051	0	0.7
1790441615	stw_mt	20052	0	1.6
1790441616	stw_mt+diag	20052	0	1.7
1790441618	stw_mt+diag	20052	0	1.6
1790441620	stw_mt_hdr_tlab	20052	0	1.7
1790441621	stw_mt_hdr_tlab_nursery	20052	0	3.1
1790441473	pattern_fuzz+diag	20048	0	155.3
1790441629	churn	20052	0	0.6
1790441629	churn_hdr	20052	0	0.6
1790441630	index_grow	20052	0	11.4
1790441641	thread_storm	20052	0	0.7
1790441642	stw_mt	20053	0	1.7
1790441644	stw_mt+diag	20053	0	2.0
1790441645	stw_mt+diag	20053	0	2.3
1790441648	stw_mt_hdr_tlab	20053	0	2.7
1790441497	pattern_fuzz+diag	20049	0	155.8
1790441650	stw_mt_hdr_tlab_nursery	20053	0	4.0
1790441655	churn	20053	0	0.7
1790441655	churn_hdr	20053	0	0.7
1790441656	index_grow	20053	0	4.5
1790441660	thread_storm	20053	0	0.8
1790441661	stw_mt	20054	0	2.2
1790441663	stw_mt+diag	20054	0	2.1
1790441666	stw_mt+diag	20054	0	2.3
1790441668	stw_mt_hdr_tlab	20054	0	2.3
1790441670	stw_mt_hdr_tlab_nursery	20054	0	4.2
1790441580	pattern_fuzz+diag	20050	0	166.3
1790441746	churn	20054	0	0.7
1790441747	churn_hdr	20054	0	0.7
1790441747	index_grow	20054	0	5.5
1790441753	thread_storm	20054	0	0.9
1790441754	stw_mt	20055	0	2.2
1790441756	stw_mt+diag	20055	0	2.2
1790441758	stw_mt+diag	20055	0	2.2
1790441760	stw_mt_hdr_tlab	20055	0	2.3
1790441763	stw_mt_hdr_tlab_nursery	20055	0	4.0
1790441602	pattern_fuzz+diag	20051	0	165.3
1790441768	churn	20055	0	0.7
1790441768	churn_hdr	20055	0	0.7
1790441769	index_grow	20055	0	4.3
1790441773	thread_storm	20055	0	2.2
1790441775	stw_mt	20056	0	15.1
1790441790	stw_mt+diag	20056	0	5.6
1790441796	stw_mt+diag	20056	0	2.5
1790441799	stw_mt_hdr_tlab	20056	0	2.2
1790441624	pattern_fuzz+diag	20052	0	178.8
1790441801	stw_mt_hdr_tlab_nursery	20056	0	4.0
1790441805	churn	20056	0	0.7
1790441805	churn_hdr	20056	0	0.7
1790441806	index_grow	20056	0	6.4
1790441813	thread_storm	20056	0	0.9
1790441813	stw_mt	20057	0	2.4
1790441816	stw_mt+diag	20057	0	2.3
1790441818	stw_mt+diag	20057	0	2.3
1790441820	stw_mt_hdr_tlab	20057	0	2.3
1790441823	stw_mt_hdr_tlab_nursery	20057	0	4.1
1790441653	pattern_fuzz+diag	20053	0	180.7
1790441833	churn	20057	0	0.7
1790441834	churn_hdr	20057	0	0.7
1790441835	index_grow	20057	0	5.7
1790441840	thread_storm	20057	0	0.8
1790441841	stw_mt	20058	0	2.4
1790441844	stw_mt+diag	20058	0	2.4
1790441846	stw_mt+diag	20058	0	2.2
1790441848	stw_mt_hdr_tlab	20058	0	2.2
1790441674	pattern_fuzz+diag	20054	0	178.2
1790441850	stw_mt_hdr_tlab_nursery	20058	0	3.9
1790441854	churn	20058	0	0.7
1790441855	churn_hdr	20058	0	0.7
1790441856	index_grow	20058	0	5.7
1790441861	thread_storm	20058	0	0.8
1790441862	stw_mt	20059	0	2.4
1790441865	stw_mt+diag	20059	0	2.3
1790441867	stw_mt+diag	20059	0	2.1
1790441869	stw_mt_hdr_tlab	20059	0	2.2
1790441871	stw_mt_hdr_tlab_nursery	20059	0	3.9
1790441767	pattern_fuzz+diag	20055	0	176.4
1790441943	churn	20059	0	0.7
1790441944	churn_hdr	20059	0	0.7
1790441945	index_grow	20059	0	4.9
1790441949	thread_storm	20059	0	0.8
1790441950	stw_mt	20060	0	2.2
1790441952	stw_mt+diag	20060	0	2.2
1790441955	stw_mt+diag	20060	0	2.2
1790441957	stw_mt_hdr_tlab	20060	0	2.2
1790441959	stw_mt_hdr_tlab_nursery	20060	0	3.8
1790441803	pattern_fuzz+diag	20056	0	163.4
1790441967	churn	20060	0	0.6
1790441967	churn_hdr	20060	0	0.7
1790441968	index_grow	20060	0	4.6
1790441972	thread_storm	20060	0	0.9
1790441973	stw_mt	20061	0	2.2
1790441976	stw_mt+diag	20061	0	2.3
1790441978	stw_mt+diag	20061	0	2.3
1790441980	stw_mt_hdr_tlab	20061	0	2.2
1790441982	stw_mt_hdr_tlab_nursery	20061	0	4.0
1790441827	pattern_fuzz+diag	20057	0	163.3
1790441990	churn	20061	0	0.6
1790441991	churn_hdr	20061	0	0.6
1790441991	index_grow	20061	0	5.7
1790441997	thread_storm	20061	0	0.9
1790441998	stw_mt	20062	0	2.3
1790442000	stw_mt+diag	20062	0	2.3
1790442003	stw_mt+diag	20062	0	2.2
1790442005	stw_mt_hdr_tlab	20062	0	2.2
1790442007	stw_mt_hdr_tlab_nursery	20062	0	4.0
1790441853	pattern_fuzz+diag	20058	0	165.9
1790442019	churn	20062	0	0.6
1790442019	churn_hdr	20062	0	0.7
1790442020	index_grow	20062	0	5.1
1790442025	thread_storm	20062	0	0.8
1790442026	stw_mt	20063	0	2.3
1790442028	stw_mt+diag	20063	0	2.3
1790442030	stw_mt+diag	20063	0	2.2
1790442033	stw_mt_hdr_tlab	20063	0	2.1
1790441875	pattern_fuzz+diag	20059	0	162.3
1790442035	stw_mt_hdr_tlab_nursery	20063	0	3.9
1790442039	churn	20063	0	0.7
1790442039	churn_hdr	20063	0	0.6
1790442040	index_grow	20063	0	5.2
1790442045	thread_storm	20063	0	0.8
1790442046	stw_mt	20064	0	2.2
1790442048	stw_mt+diag	20064	0	2.3
1790442050	stw_mt+diag	20064	0	2.2
1790442053	stw_mt_hdr_tlab	20064	0	2.2
1790442055	stw_mt_hdr_tlab_nursery	20064	0	3.9
1790441963	pattern_fuzz+diag	20060	0	164.5
1790442128	churn	20064	0	0.8
1790442128	churn_hdr	20064	0	0.7
1790442129	index_grow	20064	0	5.6
1790442135	thread_storm	20064	0	0.9
1790442136	stw_mt	20065	0	2.4
1790442138	stw_mt+diag	20065	0	2.3
1790442140	stw_mt+diag	20065	0	2.5
1790442143	stw_mt_hdr_tlab	20065	0	2.3
1790442145	stw_mt_hdr_tlab_nursery	20065	0	4.4
1790441986	pattern_fuzz+diag	20061	0	166.3
1790442153	churn	20065	0	0.7
1790442153	churn_hdr	20065	0	0.7
1790442154	index_grow	20065	0	6.4
1790442160	thread_storm	20065	0	0.9
1790442161	stw_mt	20066	0	2.3
1790442164	stw_mt+diag	20066	0	2.2
1790442166	stw_mt+diag	20066	0	2.2
1790442168	stw_mt_hdr_tlab	20066	0	2.2
1790442170	stw_mt_hdr_tlab_nursery	20066	0	4.0
1790442011	pattern_fuzz+diag	20062	0	166.3
1790442177	churn	20066	0	0.7
1790442178	churn_hdr	20066	0	0.7
1790442179	index_grow	20066	0	5.9
1790442184	thread_storm	20066	0	0.8
1790442185	stw_mt	20067	0	2.3
1790442187	stw_mt+diag	20067	0	2.3
1790442190	stw_mt+diag	20067	0	2.3
1790442192	stw_mt_hdr_tlab	20067	0	2.3
1790442194	stw_mt_hdr_tlab_nursery	20067	0	3.9
1790442037	pattern_fuzz+diag	20063	0	167.2
1790442205	churn	20067	0	0.7
1790442205	churn_hdr	20067	0	0.7
1790442206	index_grow	20067	0	5.4
1790442211	thread_storm	20067	0	0.8
1790442212	stw_mt	20068	0	2.3
1790442214	stw_mt+diag	20068	0	2.2
1790442217	stw_mt+diag	20068	0	2.2
1790442219	stw_mt_hdr_tlab	20068	0	2.2
1790442221	stw_mt_hdr_tlab_nursery	20068	0	4.0
1790442059	pattern_fuzz+diag	20064	0	168.5
1790442227	churn	20068	0	0.7
1790442228	churn_hdr	20068	0	0.7
1790442228	index_grow	20068	0	5.7
1790442234	thread_storm	20068	0	0.8
1790442235	stw_mt	20069	0	2.6
1790442238	stw_mt+diag	20069	0	2.6
1790442240	stw_mt+diag	20069	0	2.3
1790442242	stw_mt_hdr_tlab	20069	0	2.2
1790442245	stw_mt_hdr_tlab_nursery	20069	0	3.9
1790442150	pattern_fuzz+diag	20065	0	168.7
1790442318	churn	20069	0	0.6
1790442319	churn_hdr	20069	0	0.6
1790442319	index_grow	20069	0	4.8
1790442324	thread_storm	20069	0	0.8
1790442325	stw_mt	20070	0	2.4
1790442328	stw_mt+diag	20070	0	2.4
1790442330	stw_mt+diag	20070	0	2.3
1790442332	stw_mt_hdr_tlab	20070	0	2.3
1790442335	stw_mt_hdr_tlab_nursery	20070	0	4.1
1790442174	pattern_fuzz+diag	20066	0	175.7
1790442350	churn	20070	0	0.7
1790442351	churn_hdr	20070	0	0.7
1790442351	index_grow	20070	0	6.5
1790442358	thread_storm	20070	0	0.8
1790442359	stw_mt	20071	0	2.1
1790442361	stw_mt+diag	20071	0	2.2
1790442198	pattern_fuzz+diag	20067	0	166.5
1790442363	stw_mt+diag	20071	0	2.2
1790442365	stw_mt_hdr_tlab	20071	0	2.4
1790442365	stw_mt_hdr_tlab_nursery	20071	0	4.2
1790442369	churn	20071	0	0.7
1790442370	churn_hdr	20071	0	0.7
1790442371	index_grow	20071	0	6.3
1790442377	thread_storm	20071	0	0.8
1790442378	stw_mt	20072	0	2.2
1790442380	stw_mt+diag	20072	0	2.2
1790442382	stw_mt+diag	20072	0	2.3
1790442384	stw_mt_hdr_tlab	20072	0	2.2
1790442387	stw_mt_hdr_tlab_nursery	20072	0	4.0
1790442225	pattern_fuzz+diag	20068	0	166.6
1790442392	churn	20072	0	0.7
1790442392	churn_hdr	20072	0	0.6
1790442393	index_grow	20072	0	4.9
1790442398	thread_storm	20072	0	0.8
1790442399	stw_mt	20073	0	2.2
1790442401	stw_mt+diag	20073	0	2.3
1790442403	stw_mt+diag	20073	0	2.1
1790442405	stw_mt_hdr_tlab	20073	0	2.2
1790442407	stw_mt_hdr_tlab_nursery	20073	0	4.2
1790442249	pattern_fuzz+diag	20069	0	164.5
1790442413	churn	20073	0	0.7
1790442414	churn_hdr	20073	0	0.7
1790442414	index_grow	20073	0	4.7
1790442419	thread_storm	20073	0	0.8
1790442420	stw_mt	20074	0	2.3
1790442422	stw_mt+diag	20074	0	2.2
1790442424	stw_mt+diag	20074	0	2.2
1790442427	stw_mt_hdr_tlab	20074	0	2.3
1790442429	stw_mt_hdr_tlab_nursery	20074	0	3.8
1790442339	pattern_fuzz+diag	20070	0	165.1
1790442504	churn	20074	0	0.7
1790442505	churn_hdr	20074	0	0.6
1790442505	index_grow	20074	0	5.6
1790442511	thread_storm	20074	0	0.8
1790442512	stw_mt	20075	0	2.4
1790442514	stw_mt+diag	20075	0	2.3
1790442516	stw_mt+diag	20075	0	2.2
1790442519	stw_mt_hdr_tlab	20075	0	2.2
1790442521	stw_mt_hdr_tlab_nursery	20075	0	3.8
1790442367	pattern_fuzz+diag	20071	0	166.7
1790442534	churn	20075	0	0.7
1790442535	churn_hdr	20075	0	0.7
1790442535	index_grow	20075	0	6.6
1790442542	thread_storm	20075	0	0.8
1790442543	stw_mt	20076	0	2.2
1790442545	stw_mt+diag	20076	0	2.2
1790442391	pattern_fuzz+diag	20072	0	166.7
1790442557	stw_mt_hdr_tlab	20076	0	2.5
1790442560	stw_mt_hdr_tlab_nursery	20076	0	4.1
1790442412	pattern_fuzz+diag	20073	0	164.8
1790442576	churn	20076	0	0.7
1790442577	churn_hdr	20076	0	0.7
1790442578	index_grow	20076	0	3.9
1790442582	thread_storm	20076	0	0.8
1790442583	stw_mt	20077	0	2.7
1790442585	stw_mt+diag	20077	0	2.5
1790442588	stw_mt+diag	20077	0	2.7
1790442590	stw_mt_hdr_tlab	20077	0	2.6
1790442593	stw_mt_hdr_tlab_nursery	20077	0	4.6
1790442433	pattern_fuzz+diag	20074	0	168.2
1790442601	churn	20077	0	0.7
1790442602	churn_hdr	20077	0	0.7
1790442602	index_grow	20077	0	4.6
1790442607	thread_storm	20077	0	0.9
1790442608	stw_mt	20078	0	2.7
1790442611	stw_mt+diag	20078	0	2.5
1790442613	stw_mt+diag	20078	0	2.5
1790442616	stw_mt_hdr_tlab	20078	0	2.5
1790442618	stw_mt_hdr_tlab_nursery	20078	0	4.5
1790442525	pattern_fuzz+diag	20075	0	167.1
1790442692	churn	20078	0	0.7
1790442692	churn_hdr	20078	0	0.7
1790442693	index_grow	20078	0	4.0
1790442697	thread_storm	20078	0	0.8
1790442698	stw_mt	20079	0	2.6
1790442700	stw_mt+diag	20079	0	2.7
1790442703	stw_mt+diag	20079	0	2.8
1790442706	stw_mt_hdr_tlab	20079	0	2.6
1790442709	stw_mt_hdr_tlab_nursery	20079	0	4.2
1790442564	pattern_fuzz+diag	20076	0	167.3
1790442731	churn	20079	0	0.7
1790442732	churn_hdr	20079	0	0.7
1790442733	index_grow	20079	0	3.6
1790442736	thread_storm	20079	0	0.8
1790442737	stw_mt	20080	0	2.9
1790442740	stw_mt+diag	20080	0	2.6
1790442743	stw_mt+diag	20080	0	2.8
1790442746	stw_mt_hdr_tlab	20080	0	2.7
1790442748	stw_mt_hdr_tlab_nursery	20080	0	4.3
1790442598	pattern_fuzz+diag	20077	0	166.3
1790442764	churn	20080	0	0.7
1790442765	churn_hdr	20080	0	0.7
1790442765	index_grow	20080	0	4.0
1790442769	thread_storm	20080	0	0.8
1790442770	stw_mt	20081	0	2.7
1790442773	stw_mt+diag	20081	0	2.8
1790442776	stw_mt+diag	20081	0	2.8
1790442778	stw_mt_hdr_tlab	20081	0	2.6
1790442781	stw_mt_hdr_tlab_nursery	20081	0	4.3
1790442623	pattern_fuzz+diag	20078	0	166.3
1790442789	churn	20081	0	0.7
1790442790	churn_hdr	20081	0	0.7
1790442790	index_grow	20081	0	2.8
1790442793	thread_storm	20081	0	0.9
1790442794	stw_mt	20082	0	2.6
1790442797	stw_mt+diag	20082	0	2.6
1790442799	stw_mt+diag	20082	0	2.7
1790442802	stw_mt_hdr_tlab	20082	0	2.4
1790442804	stw_mt_hdr_tlab_nursery	20082	0	4.2
1790442547	stw_mt+diag	20076	TIMEOUT	300.2
1790442847	churn	20082	0	0.6
1790442848	churn_hdr	20082	0	0.7
1790442849	index_grow	20082	0	5.6
1790442854	thread_storm	20082	0	0.8
1790442855	stw_mt	20083	0	2.3
1790442857	stw_mt+diag	20083	0	2.4
1790442860	stw_mt+diag	20083	0	2.3
1790442862	stw_mt_hdr_tlab	20083	0	2.3
1790442864	stw_mt_hdr_tlab_nursery	20083	0	3.9
1790442713	pattern_fuzz+diag	20079	0	169.2
1790442882	churn	20083	0	0.6
1790442883	churn_hdr	20083	0	0.7
1790442883	index_grow	20083	0	4.9
1790442888	thread_storm	20083	0	0.9
1790442889	stw_mt	20084	0	2.2
1790442891	stw_mt+diag	20084	0	2.2
1790442893	stw_mt+diag	20084	0	2.2
1790442896	stw_mt_hdr_tlab	20084	0	2.2
1790442898	stw_mt_hdr_tlab_nursery	20084	0	3.9
1790442753	pattern_fuzz+diag	20080	0	167.7
1790442920	churn	20084	0	0.7
1790442921	churn_hdr	20084	0	0.7
1790442922	index_grow	20084	0	7.4
1790442929	thread_storm	20084	0	0.8
1790442930	stw_mt	20085	0	2.6
1790442932	stw_mt+diag	20085	0	2.4
1790442935	stw_mt+diag	20085	0	2.4
1790442937	stw_mt_hdr_tlab	20085	0	2.4
1790442940	stw_mt_hdr_tlab_nursery	20085	0	4.0
1790442785	pattern_fuzz+diag	20081	0	167.4
1790442953	churn	20085	0	0.8
1790442953	churn_hdr	20085	0	0.8
1790442954	index_grow	20085	0	7.0
1790442961	thread_storm	20085	0	0.9
1790442962	stw_mt	20086	0	2.2
1790442964	stw_mt+diag	20086	0	2.3
1790442967	stw_mt+diag	20086	0	2.5
1790442969	stw_mt_hdr_tlab	20086	0	2.2
1790442971	stw_mt_hdr_tlab_nursery	20086	0	4.0
1790442809	pattern_fuzz+diag	20082	0	170.9
1790442979	churn	20086	0	0.7
1790442980	churn_hdr	20086	0	0.7
1790442981	index_grow	20086	0	5.0
1790442986	thread_storm	20086	0	0.9
1790442987	stw_mt	20087	0	2.5
1790442989	stw_mt+diag	20087	0	2.7
1790442992	stw_mt+diag	20087	0	2.6
1790442994	stw_mt_hdr_tlab	20087	0	2.4
1790442997	stw_mt_hdr_tlab_nursery	20087	0	4.0
1790442868	pattern_fuzz+diag	20083	0	172.5
1790443041	churn	20087	0	0.7
1790443041	churn_hdr	20087	0	0.7
1790443042	index_grow	20087	0	6.2
1790443048	thread_storm	20087	0	0.9
1790443049	stw_mt	20088	0	4.2
1790443053	stw_mt+diag	20088	0	4.0
1790443057	stw_mt+diag	20088	0	3.1
1790443060	stw_mt_hdr_tlab	20088	0	2.7
1790443063	stw_mt_hdr_tlab_nursery	20088	0	4.2
1790442902	pattern_fuzz+diag	20084	0	177.3
1790443079	churn	20088	0	0.9
1790443080	churn_hdr	20088	0	0.8
1790443081	index_grow	20088	0	5.4
1790443086	thread_storm	20088	0	0.9
1790443087	stw_mt	20089	0	2.5
1790443090	stw_mt+diag	20089	0	2.8
1790443092	stw_mt+diag	20089	0	2.6
1790443095	stw_mt_hdr_tlab	20089	0	2.3
1790443097	stw_mt_hdr_tlab_nursery	20089	0	4.0
1790442944	pattern_fuzz+diag	20085	0	179.7
1790443124	churn	20089	0	0.7
1790443124	churn_hdr	20089	0	0.7
1790443125	index_grow	20089	0	5.1
1790443130	thread_storm	20089	0	0.9
1790443131	stw_mt	20090	0	2.4
1790443133	stw_mt+diag	20090	0	2.3
1790443135	stw_mt+diag	20090	0	2.4
1790443138	stw_mt_hdr_tlab	20090	0	2.1
1790443140	stw_mt_hdr_tlab_nursery	20090	0	3.8
1790442975	pattern_fuzz+diag	20086	0	176.4
1790443152	churn	20090	0	0.7
1790443153	churn_hdr	20090	0	0.7
1790443153	index_grow	20090	0	5.5
1790443159	thread_storm	20090	0	0.8
1790443160	stw_mt	20091	0	2.3
1790443162	stw_mt+diag	20091	0	2.3
1790443164	stw_mt+diag	20091	0	2.2
1790443166	stw_mt_hdr_tlab	20091	0	2.2
1790443169	stw_mt_hdr_tlab_nursery	20091	0	3.9
1790443001	pattern_fuzz+diag	20087	0	177.1
1790443178	churn	20091	0	0.7
1790443179	churn_hdr	20091	0	0.6
1790443179	index_grow	20091	0	6.8
1790443186	thread_storm	20091	0	0.8
1790443187	stw_mt	20092	0	2.2
1790443189	stw_mt+diag	20092	0	2.2
1790443191	stw_mt+diag	20092	0	2.3
1790443194	stw_mt_hdr_tlab	20092	0	2.3
1790443196	stw_mt_hdr_tlab_nursery	20092	0	3.9
1790443067	pattern_fuzz+diag	20088	0	169.7
1790443237	churn	20092	0	0.7
1790443238	churn_hdr	20092	0	0.7
1790443238	index_grow	20092	0	8.0
1790443246	thread_storm	20092	0	0.8
1790443247	stw_mt	20093	0	2.1
1790443249	stw_mt+diag	20093	0	2.3
1790443252	stw_mt+diag	20093	0	2.2
1790443254	stw_mt_hdr_tlab	20093	0	2.2
1790443256	stw_mt_hdr_tlab_nursery	20093	0	4.0
1790443101	pattern_fuzz+diag	20089	0	168.0
1790443269	churn	20093	0	0.7
1790443270	churn_hdr	20093	0	0.8
1790443271	index_grow	20093	0	6.2
1790443277	thread_storm	20093	0	0.8
1790443278	stw_mt	20094	0	2.3
1790443280	stw_mt+diag	20094	0	2.4
1790443282	stw_mt+diag	20094	0	2.2
1790443285	stw_mt_hdr_tlab	20094	0	2.3
1790443287	stw_mt_hdr_tlab_nursery	20094	0	3.9
1790443144	pattern_fuzz+diag	20090	0	168.6
1790443312	churn	20094	0	0.6
1790443313	churn_hdr	20094	0	0.7
1790443314	index_grow	20094	0	4.6
1790443318	thread_storm	20094	0	0.8
1790443319	stw_mt	20095	0	2.2
1790443321	stw_mt+diag	20095	0	2.2
1790443324	stw_mt+diag	20095	0	2.3
1790443326	stw_mt_hdr_tlab	20095	0	2.4
1790443328	stw_mt_hdr_tlab_nursery	20095	0	4.0
1790443172	pattern_fuzz+diag	20091	0	168.2
1790443341	churn	20095	0	0.6
1790443341	churn_hdr	20095	0	0.7
1790443342	index_grow	20095	0	5.4
1790443347	thread_storm	20095	0	0.8
1790443348	stw_mt	20096	0	2.1
1790443350	stw_mt+diag	20096	0	2.2
1790443352	stw_mt+diag	20096	0	2.2
1790443355	stw_mt_hdr_tlab	20096	0	2.4
1790443357	stw_mt_hdr_tlab_nursery	20096	0	4.0
1790443200	pattern_fuzz+diag	20092	0	169.3
1790443369	churn	20096	0	0.7
1790443370	churn_hdr	20096	0	0.7
1790443370	index_grow	20096	0	6.0
1790443376	thread_storm	20096	0	0.9
1790443377	stw_mt	20097	0	2.4
1790443380	stw_mt+diag	20097	0	2.3
1790443382	stw_mt+diag	20097	0	2.3
1790443384	stw_mt_hdr_tlab	20097	0	2.2
1790443387	stw_mt_hdr_tlab_nursery	20097	0	4.1
1790443260	pattern_fuzz+diag	20093	0	168.0
1790443428	churn	20097	0	0.6
1790443429	churn_hdr	20097	0	0.6
1790443429	index_grow	20097	0	5.6
1790443435	thread_storm	20097	0	0.9
1790443436	stw_mt	20098	0	2.3
1790443438	stw_mt+diag	20098	0	2.2
1790443440	stw_mt+diag	20098	0	2.4
1790443443	stw_mt_hdr_tlab	20098	0	2.3
1790443445	stw_mt_hdr_tlab_nursery	20098	0	3.9
1790443291	pattern_fuzz+diag	20094	0	166.3
1790443457	churn	20098	0	0.7
1790443458	churn_hdr	20098	0	0.7
1790443458	index_grow	20098	0	5.6
1790443464	thread_storm	20098	0	0.8
1790443465	stw_mt	20099	0	2.3
1790443467	stw_mt+diag	20099	0	2.3
1790443470	stw_mt+diag	20099	0	2.4
1790443472	stw_mt_hdr_tlab	20099	0	2.3
1790443474	stw_mt_hdr_tlab_nursery	20099	0	4.1
1790443332	pattern_fuzz+diag	20095	0	166.4
1790443499	churn	20099	0	0.7
1790443499	churn_hdr	20099	0	0.7
1790443500	index_grow	20099	0	5.0
1790443505	thread_storm	20099	0	0.8
1790443506	stw_mt	20100	0	2.2
1790443508	stw_mt+diag	20100	0	2.3
1790443510	stw_mt+diag	20100	0	2.3
1790443513	stw_mt_hdr_tlab	20100	0	2.2
1790443515	stw_mt_hdr_tlab_nursery	20100	0	3.9
1790443361	pattern_fuzz+diag	20096	0	167.9
1790443529	churn	20100	0	0.6
1790443529	churn_hdr	20100	0	0.7
1790443530	index_grow	20100	0	6.1
1790443536	thread_storm	20100	0	0.9
1790443537	stw_mt	20101	0	2.3
1790443539	stw_mt+diag	20101	0	2.3
1790443542	stw_mt+diag	20101	0	2.2
1790443544	stw_mt_hdr_tlab	20101	0	2.3
1790443546	stw_mt_hdr_tlab_nursery	20101	0	4.0
1790443391	pattern_fuzz+diag	20097	0	166.9
1790443558	churn	20101	0	0.7
1790443558	churn_hdr	20101	0	0.7
1790443559	index_grow	20101	0	5.1
1790443564	thread_storm	20101	0	0.9
1790443565	stw_mt	20102	0	2.3
1790443567	stw_mt+diag	20102	0	2.3
1790443570	stw_mt+diag	20102	0	2.3
1790443572	stw_mt_hdr_tlab	20102	0	2.2
1790443574	stw_mt_hdr_tlab_nursery	20102	0	4.0
1790443449	pattern_fuzz+diag	20098	0	166.8
1790443616	churn	20102	0	0.6
1790443616	churn_hdr	20102	0	0.6
1790443617	index_grow	20102	0	5.3
1790443622	thread_storm	20102	0	0.9
1790443623	stw_mt	20103	0	2.3
1790443625	stw_mt+diag	20103	0	2.3
1790443628	stw_mt+diag	20103	0	2.4
1790443630	stw_mt_hdr_tlab	20103	0	2.4
1790443632	stw_mt_hdr_tlab_nursery	20103	0	3.9
1790443478	pattern_fuzz+diag	20099	0	165.6
1790443644	churn	20103	0	0.7
1790443645	churn_hdr	20103	0	0.7
1790443645	index_grow	20103	0	5.0
1790443650	thread_storm	20103	0	0.9
1790443651	stw_mt	20104	0	2.4
1790443654	stw_mt+diag	20104	0	2.4
1790443656	stw_mt+diag	20104	0	2.4
1790443658	stw_mt_hdr_tlab	20104	0	2.3
1790443661	stw_mt_hdr_tlab_nursery	20104	0	3.8
1790443519	pattern_fuzz+diag	20100	0	166.0
1790443685	churn	20104	0	0.6
1790443686	churn_hdr	20104	0	0.6
1790443686	index_grow	20104	0	4.5
1790443691	thread_storm	20104	0	0.8
1790443691	stw_mt	20105	0	2.2
1790443694	stw_mt+diag	20105	0	2.3
1790443696	stw_mt+diag	20105	0	2.2
1790443698	stw_mt_hdr_tlab	20105	0	2.3
1790443700	stw_mt_hdr_tlab_nursery	20105	0	3.9
1790443550	pattern_fuzz+diag	20101	0	165.8
1790443716	churn	20105	0	0.6
1790443717	churn_hdr	20105	0	0.7
1790443717	index_grow	20105	0	5.2
1790443723	thread_storm	20105	0	0.8
1790443723	stw_mt	20106	0	2.3
1790443726	stw_mt+diag	20106	0	2.3
1790443728	stw_mt+diag	20106	0	2.3
1790443730	stw_mt_hdr_tlab	20106	0	2.3
1790443733	stw_mt_hdr_tlab_nursery	20106	0	3.9
1790443578	pattern_fuzz+diag	20102	0	165.1
1790443743	churn	20106	0	0.6
1790443744	churn_hdr	20106	0	0.7
1790443744	index_grow	20106	0	5.5
1790443750	thread_storm	20106	0	0.8
1790443751	stw_mt	20107	0	2.2
1790443753	stw_mt+diag	20107	0	2.3
1790443755	stw_mt+diag	20107	0	2.2
1790443758	stw_mt_hdr_tlab	20107	0	2.2
1790443760	stw_mt_hdr_tlab_nursery	20107	0	3.8
1790443636	pattern_fuzz+diag	20103	0	166.2
1790443802	churn	20107	0	0.7
1790443803	churn_hdr	20107	0	0.7
1790443804	index_grow	20107	0	5.6
1790443809	thread_storm	20107	0	0.8
1790443810	stw_mt	20108	0	2.3
1790443813	stw_mt+diag	20108	0	2.2
1790443815	stw_mt+diag	20108	0	2.2
1790443817	stw_mt_hdr_tlab	20108	0	2.2
1790443819	stw_mt_hdr_tlab_nursery	20108	0	3.9
1790443664	pattern_fuzz+diag	20104	0	166.6
1790443831	churn	20108	0	0.6
1790443832	churn_hdr	20108	0	0.6
1790443832	index_grow	20108	0	5.1
1790443837	thread_storm	20108	0	0.8
1790443838	stw_mt	20109	0	2.3
1790443840	stw_mt+diag	20109	0	2.3
1790443843	stw_mt+diag	20109	0	2.3
1790443845	stw_mt_hdr_tlab	20109	0	2.3
1790443847	stw_mt_hdr_tlab_nursery	20109	0	3.9
1790443704	pattern_fuzz+diag	20105	0	166.6
1790443871	churn	20109	0	0.6
1790443872	churn_hdr	20109	0	0.7
1790443872	index_grow	20109	0	4.9
1790443877	thread_storm	20109	0	0.9
1790443878	stw_mt	20110	0	2.2
1790443880	stw_mt+diag	20110	0	2.2
1790443883	stw_mt+diag	20110	0	2.2
1790443885	stw_mt_hdr_tlab	20110	0	2.2
1790443887	stw_mt_hdr_tlab_nursery	20110	0	3.9
1790443736	pattern_fuzz+diag	20106	0	169.3
1790443906	churn	20110	0	0.6
1790443906	churn_hdr	20110	0	0.6
1790443907	index_grow	20110	0	6.3
1790443913	thread_storm	20110	0	0.8
1790443914	stw_mt	20111	0	2.3
1790443916	stw_mt+diag	20111	0	2.3
1790443919	stw_mt+diag	20111	0	2.2
1790443921	stw_mt_hdr_tlab	20111	0	2.3
1790443923	stw_mt_hdr_tlab_nursery	20111	0	3.9
1790443764	pattern_fuzz+diag	20107	0	167.4
1790443931	churn	20111	0	0.6
1790443932	churn_hdr	20111	0	0.7
1790443932	index_grow	20111	0	5.4
1790443938	thread_storm	20111	0	0.9
1790443939	stw_mt	20112	0	2.3
1790443941	stw_mt+diag	20112	0	2.4
1790443943	stw_mt+diag	20112	0	2.3
1790443946	stw_mt_hdr_tlab	20112	0	2.2
1790443948	stw_mt_hdr_tlab_nursery	20112	0	4.0
1790443823	pattern_fuzz+diag	20108	0	165.2
1790443988	churn	20112	0	0.6
1790443989	churn_hdr	20112	0	0.7
1790443990	index_grow	20112	0	5.1
1790443995	thread_storm	20112	0	0.8
1790443996	stw_mt	20113	0	2.3
1790443998	stw_mt+diag	20113	0	2.3
1790444000	stw_mt+diag	20113	0	2.3
1790444002	stw_mt_hdr_tlab	20113	0	2.2
1790444005	stw_mt_hdr_tlab_nursery	20113	0	4.0
1790443851	pattern_fuzz+diag	20109	0	174.6
1790444026	churn	20113	0	0.6
1790444026	churn_hdr	20113	0	0.7
1790444027	index_grow	20113	0	5.8
1790444033	thread_storm	20113	0	0.8
1790444034	stw_mt	20114	0	2.3
1790444036	stw_mt+diag	20114	0	2.3
1790444038	stw_mt+diag	20114	0	2.2
1790444041	stw_mt_hdr_tlab	20114	0	2.2
1790444043	stw_mt_hdr_tlab_nursery	20114	0	3.9
1790443891	pattern_fuzz+diag	20110	0	165.3
1790444056	churn	20114	0	0.7
1790444057	churn_hdr	20114	0	0.7
1790444058	index_grow	20114	0	3.6
1790444061	thread_storm	20114	0	0.8
1790444062	stw_mt	20115	0	2.2
1790444064	stw_mt+diag	20115	0	2.2
1790444066	stw_mt+diag	20115	0	2.2
1790444069	stw_mt_hdr_tlab	20115	0	2.3
1790444071	stw_mt_hdr_tlab_nursery	20115	0	3.9
1790443927	pattern_fuzz+diag	20111	0	165.4
1790444093	churn	20115	0	0.7
1790444093	churn_hdr	20115	0	0.6
1790444094	index_grow	20115	0	5.5
1790444099	thread_storm	20115	0	0.8
1790444100	stw_mt	20116	0	2.2
1790444102	stw_mt+diag	20116	0	2.3
1790444105	stw_mt+diag	20116	0	2.3
1790444107	stw_mt_hdr_tlab	20116	0	2.3
1790444109	stw_mt_hdr_tlab_nursery	20116	0	4.0
1790443952	pattern_fuzz+diag	20112	0	163.0
1790444115	churn	20116	0	0.7
1790444116	churn_hdr	20116	0	0.6
1790444116	index_grow	20116	0	4.1
1790444120	thread_storm	20116	0	0.9
1790444121	stw_mt	20117	0	2.3
1790444123	stw_mt+diag	20117	0	2.3
1790444126	stw_mt+diag	20117	0	2.3
1790444128	stw_mt_hdr_tlab	20117	0	2.3
1790444130	stw_mt_hdr_tlab_nursery	20117	0	3.9
1790444009	pattern_fuzz+diag	20113	0	169.4
1790444178	churn	20117	0	0.6
1790444179	churn_hdr	20117	0	0.6
1790444179	index_grow	20117	0	5.6
1790444185	thread_storm	20117	0	0.8
1790444186	stw_mt	20118	0	2.5
1790444188	stw_mt+diag	20118	0	2.4
1790444191	stw_mt+diag	20118	0	2.4
1790444193	stw_mt_hdr_tlab	20118	0	2.2
1790444195	stw_mt_hdr_tlab_nursery	20118	0	4.0
1790444047	pattern_fuzz+diag	20114	0	165.4
1790444212	churn	20118	0	0.6
1790444213	churn_hdr	20118	0	0.6
1790444213	index_grow	20118	0	4.9
1790444218	thread_storm	20118	0	0.8
1790444219	stw_mt	20119	0	2.6
1790444222	stw_mt+diag	20119	0	2.2
1790444224	stw_mt+diag	20119	0	2.2
1790444226	stw_mt_hdr_tlab	20119	0	2.2
1790444228	stw_mt_hdr_tlab_nursery	20119	0	3.9
1790444075	pattern_fuzz+diag	20115	0	163.6
1790444238	churn	20119	0	0.7
1790444239	churn_hdr	20119	0	0.7
1790444240	index_grow	20119	0	6.3
1790444246	thread_storm	20119	0	0.8
1790444247	stw_mt	20120	0	2.1
1790444249	stw_mt+diag	20120	0	2.1
1790444251	stw_mt+diag	20120	0	2.2
1790444253	stw_mt_hdr_tlab	20120	0	2.2
1790444255	stw_mt_hdr_tlab_nursery	20120	0	3.9
1790444113	pattern_fuzz+diag	20116	0	163.1
1790444276	churn	20120	0	0.6
1790444277	churn_hdr	20120	0	0.6
1790444278	index_grow	20120	0	5.6
1790444283	thread_storm	20120	0	0.8
1790444284	stw_mt	20121	0	2.3
1790444286	stw_mt+diag	20121	0	2.4
1790444289	stw_mt+diag	20121	0	2.3
1790444291	stw_mt_hdr_tlab	20121	0	2.3
1790444293	stw_mt_hdr_tlab_nursery	20121	0	3.7
1790444134	pattern_fuzz+diag	20117	0	163.3
1790444298	churn	20121	0	0.7
1790444298	churn_hdr	20121	0	0.7
1790444299	index_grow	20121	0	5.6
1790444304	thread_storm	20121	0	0.8
1790444305	stw_mt	20122	0	2.1
1790444307	stw_mt+diag	20122	0	2.4
1790444310	stw_mt+diag	20122	0	2.2
1790444312	stw_mt_hdr_tlab	20122	0	2.4
1790444314	stw_mt_hdr_tlab_nursery	20122	0	3.8
1790444199	pattern_fuzz+diag	20118	0	162.7
1790444362	churn	20122	0	0.6
1790444363	churn_hdr	20122	0	0.7
1790444363	index_grow	20122	0	6.5
1790444370	thread_storm	20122	0	0.8
1790444371	stw_mt	20123	0	2.2
1790444373	stw_mt+diag	20123	0	2.1
1790444375	stw_mt+diag	20123	0	2.1
1790444377	stw_mt_hdr_tlab	20123	0	2.2
1790444379	stw_mt_hdr_tlab_nursery	20123	0	3.9
1790444232	pattern_fuzz+diag	20119	0	161.3
1790444394	churn	20123	0	0.7
1790444394	churn_hdr	20123	0	0.7
1790444395	index_grow	20123	0	4.9
1790444400	thread_storm	20123	0	0.9
1790444401	stw_mt	20124	0	3.9
1790444405	stw_mt+diag	20124	0	2.2
1790444407	stw_mt+diag	20124	0	2.1
1790444409	stw_mt_hdr_tlab	20124	0	2.2
1790444411	stw_mt_hdr_tlab_nursery	20124	0	3.8
1790444259	pattern_fuzz+diag	20120	0	162.2
1790444422	churn	20124	0	0.6
1790444422	churn_hdr	20124	0	0.7
1790444423	index_grow	20124	0	8.4
1790444431	thread_storm	20124	0	0.8
1790444432	stw_mt	20125	0	2.2
1790444434	stw_mt+diag	20125	0	2.2
1790444436	stw_mt+diag	20125	0	2.1
1790444439	stw_mt_hdr_tlab	20125	0	2.4
1790444441	stw_mt_hdr_tlab_nursery	20125	0	3.9
1790444297	pattern_fuzz+diag	20121	0	161.1
1790444458	churn	20125	0	0.6
1790444459	churn_hdr	20125	0	0.6
1790444459	index_grow	20125	0	4.2
1790444464	thread_storm	20125	0	0.8
1790444464	stw_mt	20126	0	2.1
1790444467	stw_mt+diag	20126	0	2.1
1790444469	stw_mt+diag	20126	0	2.2
1790444471	stw_mt_hdr_tlab	20126	0	2.1
1790444473	stw_mt_hdr_tlab_nursery	20126	0	3.9
1790444318	pattern_fuzz+diag	20122	0	166.6
1790444485	churn	20126	0	0.7
1790444485	churn_hdr	20126	0	0.7
1790444486	index_grow	20126	0	5.3
1790444491	thread_storm	20126	0	0.8
1790444492	stw_mt	20127	0	2.4
1790444495	stw_mt+diag	20127	0	2.2
1790444497	stw_mt+diag	20127	0	2.1
1790444499	stw_mt_hdr_tlab	20127	0	2.1
1790444501	stw_mt_hdr_tlab_nursery	20127	0	4.4
1790444383	pattern_fuzz+diag	20123	0	166.6
1790444550	churn	20127	0	0.7
1790444550	churn_hdr	20127	0	0.7
1790444551	index_grow	20127	0	3.5
1790444554	thread_storm	20127	0	0.9
1790444555	stw_mt	20128	0	3.1
1790444558	stw_mt+diag	20128	0	2.8
1790444561	stw_mt+diag	20128	0	2.8
1790444564	stw_mt_hdr_tlab	20128	0	3.1
1790444567	stw_mt_hdr_tlab_nursery	20128	0	4.9
1790444415	pattern_fuzz+diag	20124	0	168.4
1790444583	churn	20128	0	0.7
1790444584	churn_hdr	20128	0	0.7
1790444585	index_grow	20128	0	6.3
1790444591	thread_storm	20128	0	0.8
1790444592	stw_mt	20129	0	2.9
1790444595	stw_mt+diag	20129	0	2.9
1790444597	stw_mt+diag	20129	0	3.0
1790444600	stw_mt_hdr_tlab	20129	0	2.6
1790444603	stw_mt_hdr_tlab_nursery	20129	0	4.2
1790444445	pattern_fuzz+diag	20125	0	169.7
1790444615	churn	20129	0	0.7
1790444615	churn_hdr	20129	0	0.7
1790444616	index_grow	20129	0	6.2
1790444622	thread_storm	20129	0	0.9
1790444623	stw_mt	20130	0	2.1
1790444625	stw_mt+diag	20130	0	2.2
1790444627	stw_mt+diag	20130	0	2.2
1790444629	stw_mt_hdr_tlab	20130	0	2.3
1790444632	stw_mt_hdr_tlab_nursery	20130	0	3.8
1790444477	pattern_fuzz+diag	20126	0	172.0
1790444649	churn	20130	0	0.7
1790444650	churn_hdr	20130	0	0.7
1790444650	index_grow	20130	0	3.2
1790444653	thread_storm	20130	0	0.8
1790444654	stw_mt	20131	0	2.6
1790444657	stw_mt+diag	20131	0	3.0
1790444660	stw_mt+diag	20131	0	2.8
1790444663	stw_mt_hdr_tlab	20131	0	3.0
1790444666	stw_mt_hdr_tlab_nursery	20131	0	4.6
1790444505	pattern_fuzz+diag	20127	0	172.5
1790444678	churn	20131	0	0.7
1790444678	churn_hdr	20131	0	0.7
1790444679	index_grow	20131	0	3.6
1790444683	thread_storm	20131	0	0.8
1790444684	stw_mt	20132	0	2.2
1790444686	stw_mt+diag	20132	0	2.2
1790444688	stw_mt+diag	20132	0	2.2
1790444690	stw_mt_hdr_tlab	20132	0	2.2
1790444692	stw_mt_hdr_tlab_nursery	20132	0	4.0
1790444572	pattern_fuzz+diag	20128	0	170.5
1790444743	churn	20132	0	0.6
1790444743	churn_hdr	20132	0	0.7
1790444744	index_grow	20132	0	5.6
1790444750	thread_storm	20132	0	0.8
1790444750	stw_mt	20133	0	2.2
1790444753	stw_mt+diag	20133	0	2.1
1790444755	stw_mt+diag	20133	0	2.1
1790444757	stw_mt_hdr_tlab	20133	0	2.3
1790444759	stw_mt_hdr_tlab_nursery	20133	0	3.8
1790444607	pattern_fuzz+diag	20129	0	168.6
1790444776	churn	20133	0	0.6
1790444777	churn_hdr	20133	0	0.6
1790444777	index_grow	20133	0	4.3
1790444781	thread_storm	20133	0	0.8
1790444782	stw_mt	20134	0	2.5
1790444785	stw_mt+diag	20134	0	2.3
1790444787	stw_mt+diag	20134	0	2.3
1790444789	stw_mt_hdr_tlab	20134	0	2.6
1790444792	stw_mt_hdr_tlab_nursery	20134	0	5.0
1790444636	pattern_fuzz+diag	20130	0	167.7
1790444803	churn	20134	0	0.6
1790444804	churn_hdr	20134	0	0.7
1790444805	index_grow	20134	0	5.7
1790444810	thread_storm	20134	0	0.8
1790444811	stw_mt	20135	0	2.1
1790444813	stw_mt+diag	20135	0	2.3
1790444815	stw_mt+diag	20135	0	2.2
1790444818	stw_mt_hdr_tlab	20135	0	2.2
1790444820	stw_mt_hdr_tlab_nursery	20135	0	4.2
1790444670	pattern_fuzz+diag	20131	0	165.7
1790444836	churn	20135	0	0.6
1790444837	churn_hdr	20135	0	0.7
1790444837	index_grow	20135	0	2.8
1790444840	thread_storm	20135	0	0.8
1790444841	stw_mt	20136	0	2.0
1790444843	stw_mt+diag	20136	0	2.1
1790444845	stw_mt+diag	20136	0	2.2
1790444847	stw_mt_hdr_tlab	20136	0	2.1
1790444849	stw_mt_hdr_tlab_nursery	20136	0	4.0
1790444696	pattern_fuzz+diag	20132	0	164.8
1790444861	churn	20136	0	0.7
1790444862	churn_hdr	20136	0	0.7
1790444863	index_grow	20136	0	6.0
1790444868	thread_storm	20136	0	0.8
1790444869	stw_mt	20137	0	2.3
1790444872	stw_mt+diag	20137	0	2.5
1790444874	stw_mt+diag	20137	0	3.4
1790444878	stw_mt_hdr_tlab	20137	0	2.5
1790444880	stw_mt_hdr_tlab_nursery	20137	0	3.9
1790444763	pattern_fuzz+diag	20133	0	167.1
1790444930	churn	20137	0	0.7
1790444931	churn_hdr	20137	0	0.7
1790444931	index_grow	20137	0	4.4
1790444936	thread_storm	20137	0	0.8
1790444936	stw_mt	20138	0	2.5
1790444939	stw_mt+diag	20138	0	2.4
1790444941	stw_mt+diag	20138	0	2.4
1790444944	stw_mt_hdr_tlab	20138	0	2.3
1790444946	stw_mt_hdr_tlab_nursery	20138	0	4.1
1790444797	pattern_fuzz+diag	20134	0	171.2
1790444968	churn	20138	0	0.7
1790444969	churn_hdr	20138	0	0.8
1790444970	index_grow	20138	0	4.2
1790444974	thread_storm	20138	0	0.9
1790444975	stw_mt	20139	0	2.8
1790444977	stw_mt+diag	20139	0	2.8
1790444980	stw_mt+diag	20139	0	2.5
1790444983	stw_mt_hdr_tlab	20139	0	2.6
1790444985	stw_mt_hdr_tlab_nursery	20139	0	4.3
1790444824	pattern_fuzz+diag	20135	0	169.8
1790444994	churn	20139	0	0.7
1790444994	churn_hdr	20139	0	0.7
1790444995	index_grow	20139	0	4.4
1790445000	thread_storm	20139	0	0.9
1790445001	stw_mt	20140	0	2.9
1790445003	stw_mt+diag	20140	0	2.6
1790445006	stw_mt+diag	20140	0	2.6
1790445009	stw_mt_hdr_tlab	20140	0	2.6
1790445011	stw_mt_hdr_tlab_nursery	20140	0	4.3
1790444853	pattern_fuzz+diag	20136	0	169.2
1790445023	churn	20140	0	0.7
1790445023	churn_hdr	20140	0	0.7
1790445024	index_grow	20140	0	3.8
1790445028	thread_storm	20140	0	0.8
1790445029	stw_mt	20141	0	2.9
1790445031	stw_mt+diag	20141	0	3.0
1790445035	stw_mt+diag	20141	0	2.9
1790445037	stw_mt_hdr_tlab	20141	0	2.6
1790445040	stw_mt_hdr_tlab_nursery	20141	0	4.5
1790444884	pattern_fuzz+diag	20137	0	170.9
1790445055	churn	20141	0	0.7
1790445056	churn_hdr	20141	0	0.7
1790445056	index_grow	20141	0	2.9
1790445059	thread_storm	20141	0	0.9
1790445060	stw_mt	20142	0	3.6
1790445064	stw_mt+diag	20142	0	2.5
1790445066	stw_mt+diag	20142	0	2.0
1790445068	stw_mt_hdr_tlab	20142	0	2.0
1790445070	stw_mt_hdr_tlab_nursery	20142	0	3.9
1790444950	pattern_fuzz+diag	20138	0	171.5
1790445122	churn	20142	0	0.6
1790445122	churn_hdr	20142	0	0.6
1790445123	index_grow	20142	0	5.5
1790445128	thread_storm	20142	0	0.8
1790445129	stw_mt	20143	0	2.4
1790445132	stw_mt+diag	20143	0	2.4
1790445134	stw_mt+diag	20143	0	2.2
1790445136	stw_mt_hdr_tlab	20143	0	2.3
1790445139	stw_mt_hdr_tlab_nursery	20143	0	4.2
1790444990	pattern_fuzz+diag	20139	0	171.3
1790445161	churn	20143	0	0.6
1790445162	churn_hdr	20143	0	0.7
1790445162	index_grow	20143	0	6.7
1790445169	thread_storm	20143	0	0.8
1790445170	stw_mt	20144	0	2.2
1790445172	stw_mt+diag	20144	0	2.3
1790445174	stw_mt+diag	20144	0	2.3
1790445177	stw_mt_hdr_tlab	20144	0	2.2
1790445179	stw_mt_hdr_tlab_nursery	20144	0	4.0
1790445016	pattern_fuzz+diag	20140	0	167.7
1790445183	churn	20144	0	0.7
1790445184	churn_hdr	20144	0	0.7
1790445185	index_grow	20144	0	6.7
1790445191	thread_storm	20144	0	0.8
1790445192	stw_mt	20145	0	2.2
1790445194	stw_mt+diag	20145	0	2.1
1790445196	stw_mt+diag	20145	0	2.2
1790445199	stw_mt_hdr_tlab	20145	0	2.2
1790445201	stw_mt_hdr_tlab_nursery	20145	0	4.0
1790445045	pattern_fuzz+diag	20141	0	168.2
1790445213	churn	20145	0	0.7
1790445214	churn_hdr	20145	0	0.6
1790445214	index_grow	20145	0	5.4
1790445219	thread_storm	20145	0	0.8
1790445220	stw_mt	20146	0	2.4
1790445223	stw_mt+diag	20146	0	2.3
1790445225	stw_mt+diag	20146	0	2.3
1790445227	stw_mt_hdr_tlab	20146	0	2.1
1790445229	stw_mt_hdr_tlab_nursery	20146	0	3.8
1790445074	pattern_fuzz+diag	20142	0	163.8
1790445238	churn	20146	0	0.6
1790445239	churn_hdr	20146	0	0.7
1790445239	index_grow	20146	0	5.9
1790445245	thread_storm	20146	0	0.8
1790445246	stw_mt	20147	0	2.3
1790445248	stw_mt+diag	20147	0	2.4
1790445251	stw_mt+diag	20147	0	2.3
1790445253	stw_mt_hdr_tlab	20147	0	2.3
1790445255	stw_mt_hdr_tlab_nursery	20147	0	4.0
1790445143	pattern_fuzz+diag	20143	0	164.9
1790445308	churn	20147	0	0.7
1790445308	churn_hdr	20147	0	0.6
1790445309	index_grow	20147	0	5.9
1790445315	thread_storm	20147	0	0.8
1790445316	stw_mt	20148	0	2.2
1790445318	stw_mt+diag	20148	0	2.2
1790445320	stw_mt+diag	20148	0	2.2
1790445322	stw_mt_hdr_tlab	20148	0	2.2
1790445324	stw_mt_hdr_tlab_nursery	20148	0	4.0
1790445183	pattern_fuzz+diag	20144	0	162.4
1790445345	churn	20148	0	0.7
1790445346	churn_hdr	20148	0	0.7
1790445347	index_grow	20148	0	4.9
1790445352	thread_storm	20148	0	0.9
1790445352	stw_mt	20149	0	2.3
1790445355	stw_mt+diag	20149	0	2.4
1790445357	stw_mt+diag	20149	0	2.3
1790445359	stw_mt_hdr_tlab	20149	0	2.1
1790445362	stw_mt_hdr_tlab_nursery	20149	0	3.9
1790445205	pattern_fuzz+diag	20145	0	164.1
1790445369	churn	20149	0	0.7
1790445370	churn_hdr	20149	0	0.7
1790445370	index_grow	20149	0	5.2
1790445376	thread_storm	20149	0	0.8
1790445376	stw_mt	20150	0	2.2
1790445378	stw_mt+diag	20150	0	2.2
1790445381	stw_mt+diag	20150	0	2.2
1790445383	stw_mt_hdr_tlab	20150	0	2.3
1790445385	stw_mt_hdr_tlab_nursery	20150	0	4.1
1790445233	pattern_fuzz+diag	20146	0	165.7
1790445399	churn	20150	0	0.7
1790445400	churn_hdr	20150	0	0.7
1790445400	index_grow	20150	0	5.4
1790445406	thread_storm	20150	0	0.9
1790445406	stw_mt	20151	0	2.3
1790445409	stw_mt+diag	20151	0	2.4
1790445411	stw_mt+diag	20151	0	2.3
1790445413	stw_mt_hdr_tlab	20151	0	2.4
1790445416	stw_mt_hdr_tlab_nursery	20151	0	3.9
1790445259	pattern_fuzz+diag	20147	0	164.7
1790445424	churn	20151	0	0.6
1790445425	churn_hdr	20151	0	0.7
1790445425	index_grow	20151	0	4.4
1790445430	thread_storm	20151	0	0.9
1790445430	stw_mt	20152	0	2.4
1790445433	stw_mt+diag	20152	0	2.3
1790445435	stw_mt+diag	20152	0	2.2
1790445437	stw_mt_hdr_tlab	20152	0	2.1
1790445439	stw_mt_hdr_tlab_nursery	20152	0	3.8
1790445328	pattern_fuzz+diag	20148	0	167.7
1790445496	churn	20152	0	0.6
1790445497	churn_hdr	20152	0	0.7
1790445497	index_grow	20152	0	6.0
1790445503	thread_storm	20152	0	0.8
1790445504	stw_mt	20153	0	2.0
1790445506	stw_mt+diag	20153	0	2.1
1790445508	stw_mt+diag	20153	0	2.1
1790445510	stw_mt_hdr_tlab	20153	0	2.2
1790445513	stw_mt_hdr_tlab_nursery	20153	0	4.1
1790445366	pattern_fuzz+diag	20149	0	167.4
1790445533	churn	20153	0	0.6
1790445534	churn_hdr	20153	0	0.6
1790445534	index_grow	20153	0	5.3
1790445539	thread_storm	20153	0	0.8
1790445540	stw_mt	20154	0	2.2
1790445542	stw_mt+diag	20154	0	2.3
1790445545	stw_mt+diag	20154	0	2.2
1790445547	stw_mt_hdr_tlab	20154	0	2.4
1790445549	stw_mt_hdr_tlab_nursery	20154	0	4.1
1790445389	pattern_fuzz+diag	20150	0	166.6
1790445556	churn	20154	0	0.6
1790445557	churn_hdr	20154	0	0.7
1790445557	index_grow	20154	0	5.1
1790445562	thread_storm	20154	0	0.8
1790445563	stw_mt	20155	0	2.4
1790445566	stw_mt+diag	20155	0	2.2
1790445568	stw_mt+diag	20155	0	2.1
1790445570	stw_mt_hdr_tlab	20155	0	2.1
1790445572	stw_mt_hdr_tlab_nursery	20155	0	3.8
1790445420	pattern_fuzz+diag	20151	0	166.7
1790445586	churn	20155	0	0.6
1790445587	churn_hdr	20155	0	0.6
1790445588	index_grow	20155	0	6.5
1790445594	thread_storm	20155	0	0.8
1790445595	stw_mt	20156	0	2.1
1790445597	stw_mt+diag	20156	0	2.2
1790445599	stw_mt+diag	20156	0	2.3
1790445601	stw_mt_hdr_tlab	20156	0	2.3
1790445604	stw_mt_hdr_tlab_nursery	20156	0	4.2
1790445443	pattern_fuzz+diag	20152	0	165.0
1790445608	churn	20156	0	0.7
1790445609	churn_hdr	20156	0	0.7
1790445610	index_grow	20156	0	5.1
1790445615	thread_storm	20156	0	0.8
1790445616	stw_mt	20157	0	2.2
1790445618	stw_mt+diag	20157	0	2.3
1790445620	stw_mt+diag	20157	0	2.3
1790445622	stw_mt_hdr_tlab	20157	0	2.5
1790445625	stw_mt_hdr_tlab_nursery	20157	0	4.0
1790445517	pattern_fuzz+diag	20153	0	164.6
1790445681	churn	20157	0	0.6
1790445682	churn_hdr	20157	0	0.6
1790445683	index_grow	20157	0	4.5
1790445687	thread_storm	20157	0	0.8
1790445688	stw_mt	20158	0	2.4
1790445690	stw_mt+diag	20158	0	2.3
1790445693	stw_mt+diag	20158	0	2.3
1790445695	stw_mt_hdr_tlab	20158	0	2.3
1790445697	stw_mt_hdr_tlab_nursery	20158	0	3.9
1790445554	pattern_fuzz+diag	20154	0	163.1
1790445717	churn	20158	0	0.6
1790445717	churn_hdr	20158	0	0.6
1790445718	index_grow	20158	0	6.5
1790445724	thread_storm	20158	0	0.8
1790445725	stw_mt	20159	0	2.2
1790445727	stw_mt+diag	20159	0	2.2
1790445730	stw_mt+diag	20159	0	2.2
1790445732	stw_mt_hdr_tlab	20159	0	2.2
1790445734	stw_mt_hdr_tlab_nursery	20159	0	4.0
1790445576	pattern_fuzz+diag	20155	0	165.3
1790445741	churn	20159	0	0.7
1790445742	churn_hdr	20159	0	0.7
1790445742	index_grow	20159	0	6.0
1790445748	thread_storm	20159	0	0.8
1790445749	stw_mt	20160	0	2.2
1790445751	stw_mt+diag	20160	0	2.2
1790445754	stw_mt+diag	20160	0	2.2
1790445756	stw_mt_hdr_tlab	20160	0	2.3
1790445758	stw_mt_hdr_tlab_nursery	20160	0	3.9
1790445608	pattern_fuzz+diag	20156	0	164.1
1790445772	churn	20160	0	0.7
1790445773	churn_hdr	20160	0	0.6
1790445773	index_grow	20160	0	5.2
1790445779	thread_storm	20160	0	0.8
1790445779	stw_mt	20161	0	2.2
1790445782	stw_mt+diag	20161	0	2.2
1790445784	stw_mt+diag	20161	0	2.2
1790445786	stw_mt_hdr_tlab	20161	0	2.2
1790445788	stw_mt_hdr_tlab_nursery	20161	0	3.8
1790445629	pattern_fuzz+diag	20157	0	164.9
1790445794	churn	20161	0	0.6
1790445794	churn_hdr	20161	0	0.7
1790445795	index_grow	20161	0	5.0
1790445800	thread_storm	20161	0	0.8
1790445801	stw_mt	20162	0	2.2
1790445803	stw_mt+diag	20162	0	2.2
1790445805	stw_mt+diag	20162	0	2.3
1790445808	stw_mt_hdr_tlab	20162	0	2.2
1790445810	stw_mt_hdr_tlab_nursery	20162	0	4.0
1790445701	pattern_fuzz+diag	20158	0	167.3
1790445868	churn	20162	0	0.6
1790445869	churn_hdr	20162	0	0.6
1790445870	index_grow	20162	0	5.0
1790445875	thread_storm	20162	0	0.8
1790445875	stw_mt	20163	0	2.2
1790445878	stw_mt+diag	20163	0	2.2
1790445880	stw_mt+diag	20163	0	2.3
1790445882	stw_mt_hdr_tlab	20163	0	2.2
1790445884	stw_mt_hdr_tlab_nursery	20163	0	4.0
1790445738	pattern_fuzz+diag	20159	0	166.7
1790445905	churn	20163	0	0.7
1790445906	churn_hdr	20163	0	0.7
1790445906	index_grow	20163	0	5.3
1790445912	thread_storm	20163	0	0.8
1790445912	stw_mt	20164	0	2.3
1790445915	stw_mt+diag	20164	0	2.4
1790445917	stw_mt+diag	20164	0	2.3
1790445919	stw_mt_hdr_tlab	20164	0	2.4
1790445922	stw_mt_hdr_tlab_nursery	20164	0	3.9
1790445762	pattern_fuzz+diag	20160	0	165.3
1790445927	churn	20164	0	0.6
1790445928	churn_hdr	20164	0	0.7
1790445929	index_grow	20164	0	5.2
1790445934	thread_storm	20164	0	0.8
1790445935	stw_mt	20165	0	2.3
1790445937	stw_mt+diag	20165	0	2.3
1790445939	stw_mt+diag	20165	0	2.3
1790445942	stw_mt_hdr_tlab	20165	0	2.3
1790445944	stw_mt_hdr_tlab_nursery	20165	0	3.8
1790445792	pattern_fuzz+diag	20161	0	163.3
1790445955	churn	20165	0	0.6
1790445956	churn_hdr	20165	0	0.7
1790445957	index_grow	20165	0	5.3
1790445962	thread_storm	20165	0	0.8
1790445963	stw_mt	20166	0	2.2
1790445965	stw_mt+diag	20166	0	2.1
1790445967	stw_mt+diag	20166	0	2.1
1790445969	stw_mt_hdr_tlab	20166	0	2.1
1790445971	stw_mt_hdr_tlab_nursery	20166	0	3.8
1790445814	pattern_fuzz+diag	20162	0	164.3
1790445978	churn	20166	0	0.7
1790445979	churn_hdr	20166	0	0.6
1790445979	index_grow	20166	0	5.5
1790445985	thread_storm	20166	0	0.8
1790445986	stw_mt	20167	0	2.3
1790445988	stw_mt+diag	20167	0	2.2
1790445990	stw_mt+diag	20167	0	2.2
1790445992	stw_mt_hdr_tlab	20167	0	2.3
1790445995	stw_mt_hdr_tlab_nursery	20167	0	4.1
1790445888	pattern_fuzz+diag	20163	0	165.6
1790446054	churn	20167	0	0.6
1790446055	churn_hdr	20167	0	0.7
1790446055	index_grow	20167	0	7.1
1790446062	thread_storm	20167	0	0.8
1790446063	stw_mt	20168	0	2.1
1790446065	stw_mt+diag	20168	0	2.2
1790446068	stw_mt+diag	20168	0	2.2
1790446070	stw_mt_hdr_tlab	20168	0	2.3
1790446072	stw_mt_hdr_tlab_nursery	20168	0	4.0
1790445926	pattern_fuzz+diag	20164	0	165.8
1790446092	churn	20168	0	0.6
1790446092	churn_hdr	20168	0	0.7
1790446093	index_grow	20168	0	4.9
1790446098	thread_storm	20168	0	0.8
1790446098	stw_mt	20169	0	2.3
1790446101	stw_mt+diag	20169	0	2.1
1790446103	stw_mt+diag	20169	0	2.3
1790446105	stw_mt_hdr_tlab	20169	0	2.2
1790446107	stw_mt_hdr_tlab_nursery	20169	0	3.9
1790445948	pattern_fuzz+diag	20165	0	166.2
1790446114	churn	20169	0	0.7
1790446115	churn_hdr	20169	0	0.6
1790446115	index_grow	20169	0	5.1
1790446120	thread_storm	20169	0	0.9
1790446121	stw_mt	20170	0	2.3
1790446123	stw_mt+diag	20170	0	2.3
1790446126	stw_mt+diag	20170	0	2.2
1790446128	stw_mt_hdr_tlab	20170	0	2.1
1790446130	stw_mt_hdr_tlab_nursery	20170	0	3.8
1790445975	pattern_fuzz+diag	20166	0	164.1
1790446139	churn	20170	0	0.7
1790446140	churn_hdr	20170	0	0.7
1790446141	index_grow	20170	0	5.4
1790446146	thread_storm	20170	0	0.8
1790446147	stw_mt	20171	0	2.2
1790446149	stw_mt+diag	20171	0	2.2
1790446151	stw_mt+diag	20171	0	2.1
1790446153	stw_mt_hdr_tlab	20171	0	2.2
1790446155	stw_mt_hdr_tlab_nursery	20171	0	4.0
1790445999	pattern_fuzz+diag	20167	0	163.3
1790446162	churn	20171	0	0.7
1790446163	churn_hdr	20171	0	0.7
1790446163	index_grow	20171	0	5.6
1790446169	thread_storm	20171	0	0.8
1790446170	stw_mt	20172	0	2.2
1790446172	stw_mt+diag	20172	0	2.1
1790446174	stw_mt+diag	20172	0	2.2
1790446176	stw_mt_hdr_tlab	20172	0	2.3
1790446179	stw_mt_hdr_tlab_nursery	20172	0	4.1
1790446076	pattern_fuzz+diag	20168	0	163.3
1790446239	churn	20172	0	0.7
1790446240	churn_hdr	20172	0	0.7
1790446241	index_grow	20172	0	6.6
1790446247	thread_storm	20172	0	0.8
1790446248	stw_mt	20173	0	2.0
1790446250	stw_mt+diag	20173	0	2.1
1790446252	stw_mt+diag	20173	0	2.3
1790446255	stw_mt_hdr_tlab	20173	0	2.4
1790446257	stw_mt_hdr_tlab_nursery	20173	0	4.0
1790446111	pattern_fuzz+diag	20169	0	164.1
1790446275	churn	20173	0	0.6
1790446276	churn_hdr	20173	0	0.6
1790446277	index_grow	20173	0	5.5
1790446282	thread_storm	20173	0	0.8
1790446283	stw_mt	20174	0	2.2
1790446285	stw_mt+diag	20174	0	2.1
1790446287	stw_mt+diag	20174	0	2.3
1790446290	stw_mt_hdr_tlab	20174	0	2.2
1790446292	stw_mt_hdr_tlab_nursery	20174	0	4.0
1790446134	pattern_fuzz+diag	20170	0	163.3
1790446297	churn	20174	0	0.7
1790446298	churn_hdr	20174	0	0.6
1790446298	index_grow	20174	0	6.0
1790446304	thread_storm	20174	0	0.8
1790446305	stw_mt	20175	0	2.1
1790446307	stw_mt+diag	20175	0	2.2
1790446310	stw_mt+diag	20175	0	2.1
1790446312	stw_mt_hdr_tlab	20175	0	2.2
1790446314	stw_mt_hdr_tlab_nursery	20175	0	3.8
1790446159	pattern_fuzz+diag	20171	0	161.4
1790446321	churn	20175	0	0.7
1790446322	churn_hdr	20175	0	0.6
1790446322	index_grow	20175	0	6.2
1790446328	thread_storm	20175	0	0.8
1790446329	stw_mt	20176	0	2.0
1790446331	stw_mt+diag	20176	0	2.2
1790446333	stw_mt+diag	20176	0	2.2
1790446336	stw_mt_hdr_tlab	20176	0	2.1
1790446338	stw_mt_hdr_tlab_nursery	20176	0	3.8
1790446183	pattern_fuzz+diag	20172	0	162.7
1790446346	churn	20176	0	0.6
1790446346	churn_hdr	20176	0	0.6
1790446347	index_grow	20176	0	7.4
1790446354	thread_storm	20176	0	0.8
1790446355	stw_mt	20177	0	2.0
1790446357	stw_mt+diag	20177	0	2.2
1790446359	stw_mt+diag	20177	0	2.2
1790446361	stw_mt_hdr_tlab	20177	0	2.3
1790446364	stw_mt_hdr_tlab_nursery	20177	0	3.7
1790446261	pattern_fuzz+diag	20173	0	169.5
1790446431	churn	20177	0	2.5
1790446433	churn_hdr	20177	0	2.4
1790446435	index_grow	20177	0	1.7
1790446437	thread_storm	20177	0	2.0
1790446439	stw_mt	20178	0	15.8
1790446455	stw_mt+diag	20178	0	17.3
1790446472	stw_mt+diag	20178	0	13.6
1790446486	stw_mt_hdr_tlab	20178	0	10.9
1790446497	stw_mt_hdr_tlab_nursery	20178	0	15.5
1790446296	pattern_fuzz+diag	20174	0	230.4
1790446526	churn	20178	0	2.1
1790446528	churn_hdr	20178	0	2.5
1790446531	index_grow	20178	0	1.4
1790446532	thread_storm	20178	0	2.7
1790446535	stw_mt	20179	0	18.4
1790446553	stw_mt+diag	20179	0	14.0
1790446567	stw_mt+diag	20179	0	14.9
1790446318	pattern_fuzz+diag	20175	0	271.8
1790446582	stw_mt_hdr_tlab	20179	0	10.9
1790446590	stw_mt_hdr_tlab_nursery	20179	0	14.9
1790446604	churn	20179	0	2.5
1790446607	churn_hdr	20179	0	2.2
1790446609	index_grow	20179	0	1.8
1790446611	thread_storm	20179	0	3.1
1790446614	stw_mt	20180	0	16.6
1790446631	stw_mt+diag	20180	0	13.5
1790446342	pattern_fuzz+diag	20176	0	306.2
1790446648	stw_mt_hdr_tlab	20180	0	10.9
1790446644	stw_mt+diag	20180	0	18.9
1790446659	stw_mt_hdr_tlab_nursery	20180	0	18.5
1790446677	churn	20180	0	2.2
1790446679	churn_hdr	20180	0	2.9
1790446682	index_grow	20180	0	1.2
1790446684	thread_storm	20180	0	2.4
1790446686	stw_mt	20181	0	13.5
1790446367	pattern_fuzz+diag	20177	0	339.0
1790446699	stw_mt+diag	20181	0	17.6
1790446707	stw_mt+diag	20181	0	16.6
1790446717	stw_mt_hdr_tlab	20181	0	12.8
1790446723	stw_mt_hdr_tlab_nursery	20181	0	15.9
1790446739	churn	20181	0	2.8
1790446742	churn_hdr	20181	0	2.5
1790446744	index_grow	20181	0	2.3
1790446746	thread_storm	20181	0	2.8
1790446749	stw_mt	20182	0	16.8
1790446766	stw_mt+diag	20182	0	18.0
1790446784	stw_mt+diag	20182	0	14.6
1790446799	stw_mt_hdr_tlab	20182	0	9.5
1790446808	stw_mt_hdr_tlab_nursery	20182	0	14.3
1790446512	pattern_fuzz+diag	20178	0	385.0
1790446897	churn	20182	0	0.7
1790446898	churn_hdr	20182	0	0.7
1790446899	index_grow	20182	0	4.7
1790446903	thread_storm	20182	0	0.8
1790446904	stw_mt	20183	0	2.6
1790446907	stw_mt+diag	20183	0	2.6
1790446909	stw_mt+diag	20183	0	2.8
1790446912	stw_mt_hdr_tlab	20183	0	2.8
1790446915	stw_mt_hdr_tlab_nursery	20183	0	4.4
1790446593	pattern_fuzz+diag	20179	0	343.9
1790446937	churn	20183	0	0.7
1790446938	churn_hdr	20183	0	0.7
1790446938	index_grow	20183	0	3.5
1790446942	thread_storm	20183	0	0.9
1790446943	stw_mt	20184	0	2.8
1790446946	stw_mt+diag	20184	0	2.8
1790446948	stw_mt+diag	20184	0	2.8
1790446951	stw_mt_hdr_tlab	20184	0	2.6
1790446954	stw_mt_hdr_tlab_nursery	20184	0	4.4
1790446663	pattern_fuzz+diag	20180	0	299.0
1790446962	churn	20184	0	0.7
1790446963	churn_hdr	20184	0	0.7
1790446963	index_grow	20184	0	3.1
1790446966	thread_storm	20184	0	0.9
1790446967	stw_mt	20185	0	2.9
1790446970	stw_mt+diag	20185	0	3.0
1790446973	stw_mt+diag	20185	0	2.9
1790446976	stw_mt_hdr_tlab	20185	0	2.5
1790446979	stw_mt_hdr_tlab_nursery	20185	0	4.4
1790446730	pattern_fuzz+diag	20181	0	275.8
1790447006	churn	20185	0	2.4
1790447008	churn_hdr	20185	0	2.2
1790447010	index_grow	20185	0	1.1
1790447011	thread_storm	20185	0	3.5
1790447015	stw_mt	20186	0	3.2
1790447018	stw_mt+diag	20186	0	2.4
1790447020	stw_mt+diag	20186	0	2.3
1790447023	stw_mt_hdr_tlab	20186	0	2.3
1790447025	stw_mt_hdr_tlab_nursery	20186	0	4.0
1790446823	pattern_fuzz+diag	20182	0	221.8
1790447044	churn	20186	0	2.3
1790447047	churn_hdr	20186	0	2.5
1790447049	index_grow	20186	0	1.4
1790447051	thread_storm	20186	0	2.3
1790447053	stw_mt	20187	0	11.4
1790447064	stw_mt+diag	20187	0	10.5
1790447075	stw_mt+diag	20187	0	13.0
1790447088	stw_mt_hdr_tlab	20187	0	8.6
1790447096	stw_mt_hdr_tlab_nursery	20187	0	11.2
1790446920	pattern_fuzz+diag	20183	0	261.9
1790447181	churn	20187	0	2.1
1790447183	churn_hdr	20187	0	1.9
1790447185	index_grow	20187	0	1.8
1790447187	thread_storm	20187	0	2.1
1790447189	stw_mt	20188	0	13.2
1790447202	stw_mt+diag	20188	0	12.1
1790447215	stw_mt+diag	20188	0	12.3
1790447227	stw_mt_hdr_tlab	20188	0	8.9
1790447236	stw_mt_hdr_tlab_nursery	20188	0	13.3
1790446958	pattern_fuzz+diag	20184	0	299.9
1790447258	churn	20188	0	2.5
1790447260	churn_hdr	20188	0	1.7
1790447262	index_grow	20188	0	5.6
1790447268	thread_storm	20188	0	0.8
1790447269	stw_mt	20189	0	2.2
1790447271	stw_mt+diag	20189	0	2.2
1790447273	stw_mt+diag	20189	0	2.3
1790447275	stw_mt_hdr_tlab	20189	0	2.3
1790447278	stw_mt_hdr_tlab_nursery	20189	0	3.9
1790446983	pattern_fuzz+diag	20185	0	301.8
1790447285	churn	20189	0	0.6
1790447286	churn_hdr	20189	0	0.7
1790447286	index_grow	20189	0	6.2
1790447292	thread_storm	20189	0	0.8
1790447293	stw_mt	20190	0	2.3
1790447296	stw_mt+diag	20190	0	2.3
1790447298	stw_mt+diag	20190	0	2.3
1790447300	stw_mt_hdr_tlab	20190	0	2.2
1790447302	stw_mt_hdr_tlab_nursery	20190	0	3.9
1790447029	pattern_fuzz+diag	20186	0	282.8
1790447312	churn	20190	0	0.7
1790447313	churn_hdr	20190	0	0.7
1790447313	index_grow	20190	0	4.4
1790447318	thread_storm	20190	0	0.8
1790447318	stw_mt	20191	0	2.1
1790447321	stw_mt+diag	20191	0	2.3
1790447323	stw_mt+diag	20191	0	2.3
1790447325	stw_mt_hdr_tlab	20191	0	2.3
1790447328	stw_mt_hdr_tlab_nursery	20191	0	4.0
1790447108	pattern_fuzz+diag	20187	0	281.1
1790447389	churn	20191	0	2.6
1790447391	churn_hdr	20191	0	1.6
1790447393	index_grow	20191	0	2.0
1790447395	thread_storm	20191	0	2.2
1790447397	stw_mt	20192	0	10.0
1790447407	stw_mt+diag	20192	0	10.7
1790447418	stw_mt+diag	20192	0	10.4
1790447428	stw_mt_hdr_tlab	20192	0	9.2
1790447437	stw_mt_hdr_tlab_nursery	20192	0	10.8
1790447249	pattern_fuzz+diag	20188	0	274.4
1790447523	churn	20192	0	0.7
1790447524	churn_hdr	20192	0	0.7
1790447525	index_grow	20192	0	3.4
1790447528	thread_storm	20192	0	0.9
1790447529	stw_mt	20193	0	2.9
1790447532	stw_mt+diag	20193	0	3.0
1790447535	stw_mt+diag	20193	0	2.8
1790447538	stw_mt_hdr_tlab	20193	0	2.5
1790447540	stw_mt_hdr_tlab_nursery	20193	0	4.5
1790447282	pattern_fuzz+diag	20189	0	267.5
1790447549	churn	20193	0	0.7
1790447550	churn_hdr	20193	0	0.7
1790447551	index_grow	20193	0	3.2
1790447554	thread_storm	20193	0	0.9
1790447555	stw_mt	20194	0	3.0
1790447558	stw_mt+diag	20194	0	2.8
1790447560	stw_mt+diag	20194	0	2.8
1790447563	stw_mt_hdr_tlab	20194	0	2.8
1790447566	stw_mt_hdr_tlab_nursery	20194	0	4.3
1790447306	pattern_fuzz+diag	20190	0	268.2
1790447575	churn	20194	0	0.7
1790447575	churn_hdr	20194	0	0.7
1790447576	index_grow	20194	0	3.4
1790447579	thread_storm	20194	0	0.9
1790447580	stw_mt	20195	0	3.0
1790447583	stw_mt+diag	20195	0	2.7
1790447586	stw_mt+diag	20195	0	2.9
1790447589	stw_mt_hdr_tlab	20195	0	2.8
1790447592	stw_mt_hdr_tlab_nursery	20195	0	4.3
1790447332	pattern_fuzz+diag	20191	0	272.6
1790447604	churn	20195	0	0.7
1790447605	churn_hdr	20195	0	0.7
1790447605	index_grow	20195	0	3.1
1790447609	thread_storm	20195	0	0.9
1790447609	stw_mt	20196	0	2.8
1790447612	stw_mt+diag	20196	0	2.9
1790447615	stw_mt+diag	20196	0	2.7
1790447618	stw_mt_hdr_tlab	20196	0	2.5
1790447620	stw_mt_hdr_tlab_nursery	20196	0	4.4
1790447448	pattern_fuzz+diag	20192	0	239.8
1790447688	churn	20196	0	1.6
1790447690	churn_hdr	20196	0	1.8
1790447691	index_grow	20196	0	1.9
1790447693	thread_storm	20196	0	2.3
1790447696	stw_mt	20197	0	11.0
1790447707	stw_mt+diag	20197	0	9.6
1790447716	stw_mt+diag	20197	0	10.5
1790447727	stw_mt_hdr_tlab	20197	0	8.9
1790447736	stw_mt_hdr_tlab_nursery	20197	0	13.0
1790447545	pattern_fuzz+diag	20193	0	286.1
1790447831	churn	20197	0	2.5
1790447833	churn_hdr	20197	0	2.1
1790447836	index_grow	20197	0	1.4
1790447837	thread_storm	20197	0	3.0
1790447840	stw_mt	20198	0	9.3
1790447849	stw_mt+diag	20198	0	10.9
1790447860	stw_mt+diag	20198	0	10.4
1790447871	stw_mt_hdr_tlab	20198	0	7.1
1790447570	pattern_fuzz+diag	20194	0	317.1
1790447878	stw_mt_hdr_tlab_nursery	20198	0	12.8
1790447891	churn	20198	0	1.8
1790447892	churn_hdr	20198	0	2.2
1790447894	index_grow	20198	0	1.6
1790447896	thread_storm	20198	0	2.1
1790447898	stw_mt	20199	0	9.0
1790447907	stw_mt+diag	20199	0	10.0
1790447917	stw_mt+diag	20199	0	10.3
1790447927	stw_mt_hdr_tlab	20199	0	8.6
1790447596	pattern_fuzz+diag	20195	0	350.0
1790447936	stw_mt_hdr_tlab_nursery	20199	0	13.4
1790447949	churn	20199	0	1.9
1790447951	churn_hdr	20199	0	2.0
1790447953	index_grow	20199	0	1.8
1790447955	thread_storm	20199	0	2.5
1790447958	stw_mt	20200	0	11.4
1790447969	stw_mt+diag	20200	0	11.3
1790447980	stw_mt+diag	20200	0	9.7
1790447990	stw_mt_hdr_tlab	20200	0	7.4
1790447997	stw_mt_hdr_tlab_nursery	20200	0	13.2
1790447625	pattern_fuzz+diag	20196	0	391.5
1790448016	churn	20200	0	1.9
1790448018	churn_hdr	20200	0	2.2
1790448020	index_grow	20200	0	1.9
1790448022	thread_storm	20200	0	2.2
1790448024	stw_mt	20201	0	9.3
1790448034	stw_mt+diag	20201	0	9.0
1790448043	stw_mt+diag	20201	0	12.2
1790448055	stw_mt_hdr_tlab	20201	0	8.5
1790448064	stw_mt_hdr_tlab_nursery	20201	0	13.7
1790447749	pattern_fuzz+diag	20197	0	389.1
1790448138	churn	20201	0	2.2
1790448140	churn_hdr	20201	0	2.0
1790448142	index_grow	20201	0	1.9
1790448144	thread_storm	20201	0	2.4
1790448146	stw_mt	20202	0	9.7
1790448156	stw_mt+diag	20202	0	10.6
1790448167	stw_mt+diag	20202	0	8.7
1790448175	stw_mt_hdr_tlab	20202	0	6.6
1790448182	stw_mt_hdr_tlab_nursery	20202	0	13.6
1790447888	pattern_fuzz+diag	20198	0	388.4
1790448276	churn	20202	0	1.7
1790448278	churn_hdr	20202	0	2.2
1790448280	index_grow	20202	0	1.7
1790448281	thread_storm	20202	0	1.9
1790448283	stw_mt	20203	0	11.1
1790448294	stw_mt+diag	20203	0	13.2
1790448308	stw_mt+diag	20203	0	9.0
1790448317	stw_mt_hdr_tlab	20203	0	7.7
1790448324	stw_mt_hdr_tlab_nursery	20203	0	13.0
1790447946	pattern_fuzz+diag	20199	0	394.1
1790448340	churn	20203	0	2.1
1790448342	churn_hdr	20203	0	1.8
1790448344	index_grow	20203	0	1.2
1790448345	thread_storm	20203	0	2.7
1790448348	stw_mt	20204	0	10.3
1790448358	stw_mt+diag	20204	0	9.7
1790448368	stw_mt+diag	20204	0	8.7
1790448376	stw_mt_hdr_tlab	20204	0	9.3
1790448011	pattern_fuzz+diag	20200	0	380.1
1790448386	stw_mt_hdr_tlab_nursery	20204	0	12.7
1790448398	churn	20204	0	1.7
1790448400	churn_hdr	20204	0	1.9
1790448402	index_grow	20204	0	1.9
1790448404	thread_storm	20204	0	2.2
1790448406	stw_mt	20205	0	11.2
1790448417	stw_mt+diag	20205	0	10.6
1790448428	stw_mt+diag	20205	0	10.9
1790448439	stw_mt_hdr_tlab	20205	0	7.8
1790448077	pattern_fuzz+diag	20201	0	377.5
1790448447	stw_mt_hdr_tlab_nursery	20205	0	12.5
1790448459	churn	20205	0	1.9
1790448461	churn_hdr	20205	0	1.9
1790448463	index_grow	20205	0	1.9
1790448465	thread_storm	20205	0	2.5
1790448467	stw_mt	20206	0	11.9
1790448479	stw_mt+diag	20206	0	11.8
1790448491	stw_mt+diag	20206	0	10.2
1790448501	stw_mt_hdr_tlab	20206	0	8.6
1790448510	stw_mt_hdr_tlab_nursery	20206	0	12.2
1790448195	pattern_fuzz+diag	20202	0	392.4
1790448588	churn	20206	0	1.9
1790448590	churn_hdr	20206	0	1.7
1790448591	index_grow	20206	0	1.5
1790448593	thread_storm	20206	0	1.6
1790448595	stw_mt	20207	0	11.3
1790448606	stw_mt+diag	20207	0	9.3
1790448615	stw_mt+diag	20207	0	9.3
1790448624	stw_mt_hdr_tlab	20207	0	7.1
1790448632	stw_mt_hdr_tlab_nursery	20207	0	14.1
1790448337	pattern_fuzz+diag	20203	0	388.8
1790448726	churn	20207	0	2.1
1790448728	churn_hdr	20207	0	2.5
1790448731	index_grow	20207	0	1.8
1790448733	thread_storm	20207	0	2.3
1790448735	stw_mt	20208	0	9.5
1790448744	stw_mt+diag	20208	0	10.2
1790448755	stw_mt+diag	20208	0	5.2
1790448760	stw_mt_hdr_tlab	20208	0	2.4
1790448762	stw_mt_hdr_tlab_nursery	20208	0	4.2
1790448391	pattern_fuzz+diag	20204	0	379.3
1790448770	churn	20208	0	0.7
1790448771	churn_hdr	20208	0	0.7
1790448771	index_grow	20208	0	4.2
1790448776	thread_storm	20208	0	0.8
1790448776	stw_mt	20209	0	2.6
1790448779	stw_mt+diag	20209	0	2.6
1790448782	stw_mt+diag	20209	0	2.7
1790448784	stw_mt_hdr_tlab	20209	0	2.5
1790448787	stw_mt_hdr_tlab_nursery	20209	0	4.2
1790448455	pattern_fuzz+diag	20205	0	342.0
1790448797	churn	20209	0	0.7
1790448797	churn_hdr	20209	0	0.7
1790448798	index_grow	20209	0	4.6
1790448803	thread_storm	20209	0	0.8
1790448803	stw_mt	20210	0	2.7
1790448806	stw_mt+diag	20210	0	2.6
1790448809	stw_mt+diag	20210	0	2.5
1790448811	stw_mt_hdr_tlab	20210	0	2.5
1790448814	stw_mt_hdr_tlab_nursery	20210	0	4.1
1790448522	pattern_fuzz+diag	20206	0	303.5
1790448826	churn	20210	0	0.7
1790448826	churn_hdr	20210	0	0.7
1790448827	index_grow	20210	0	3.2
1790448830	thread_storm	20210	0	0.9
1790448831	stw_mt	20211	0	2.8
1790448834	stw_mt+diag	20211	0	2.7
1790448837	stw_mt+diag	20211	0	2.6
1790448839	stw_mt_hdr_tlab	20211	0	2.4
1790448842	stw_mt_hdr_tlab_nursery	20211	0	4.2
1790448646	pattern_fuzz+diag	20207	0	241.1
1790448887	churn	20211	0	0.6
1790448887	churn_hdr	20211	0	0.7
1790448888	index_grow	20211	0	6.8
1790448895	thread_storm	20211	0	0.8
1790448896	stw_mt	20212	0	2.0
1790448898	stw_mt+diag	20212	0	2.3
1790448900	stw_mt+diag	20212	0	2.1
1790448902	stw_mt_hdr_tlab	20212	0	2.1
1790448904	stw_mt_hdr_tlab_nursery	20212	0	3.7
1790448766	pattern_fuzz+diag	20208	0	174.1
1790448940	churn	20212	0	0.6
1790448941	churn_hdr	20212	0	0.6
1790448942	index_grow	20212	0	5.8
1790448948	thread_storm	20212	0	0.8
1790448948	stw_mt	20213	0	10.2
1790448958	stw_mt+diag	20213	0	13.4
1790448972	stw_mt+diag	20213	0	11.0
1790448791	pattern_fuzz+diag	20209	0	196.7
1790448983	stw_mt_hdr_tlab	20213	0	9.2
1790448988	stw_mt_hdr_tlab_nursery	20213	0	13.7
1790449001	churn	20213	0	2.4
1790449004	churn_hdr	20213	0	2.5
1790449006	index_grow	20213	0	2.0
1790449008	thread_storm	20213	0	2.7
1790449011	stw_mt	20214	0	11.9
1790449023	stw_mt+diag	20214	0	9.3
1790449032	stw_mt+diag	20214	0	11.8
1790448818	pattern_fuzz+diag	20210	0	234.4
1790449044	stw_mt_hdr_tlab	20214	0	8.9
1790449052	stw_mt_hdr_tlab_nursery	20214	0	14.3
1790449067	churn	20214	0	2.2
1790449069	churn_hdr	20214	0	2.4
1790449071	index_grow	20214	0	2.4
1790449074	thread_storm	20214	0	2.6
1790449076	stw_mt	20215	0	13.3
1790449090	stw_mt+diag	20215	0	9.8
1790449099	stw_mt+diag	20215	0	10.2
1790448846	pattern_fuzz+diag	20211	0	268.2
1790449110	stw_mt_hdr_tlab	20215	0	6.9
1790449114	stw_mt_hdr_tlab_nursery	20215	0	12.8
1790449127	churn	20215	0	2.3
1790449129	churn_hdr	20215	0	2.7
1790449132	index_grow	20215	0	2.1
1790449134	thread_storm	20215	0	2.2
1790449136	stw_mt	20216	0	11.3
1790449148	stw_mt+diag	20216	0	10.5
1790449158	stw_mt+diag	20216	0	12.3
1790449170	stw_mt_hdr_tlab	20216	0	9.1
1790449179	stw_mt_hdr_tlab_nursery	20216	0	15.1
1790448908	pattern_fuzz+diag	20212	0	360.8
1790449269	churn	20216	0	2.1
1790449271	churn_hdr	20216	0	2.5
1790449273	index_grow	20216	0	1.6
1790449275	thread_storm	20216	0	2.3
1790449277	stw_mt	20217	0	12.0
1790449289	stw_mt+diag	20217	0	13.0
1790449302	stw_mt+diag	20217	0	12.3
1790449314	stw_mt_hdr_tlab	20217	0	8.9
1790449323	stw_mt_hdr_tlab_nursery	20217	0	14.1
1790448992	pattern_fuzz+diag	20213	0	413.8
1790449406	churn	20217	0	2.3
1790449408	churn_hdr	20217	0	2.9
1790449411	index_grow	20217	0	1.1
1790449412	thread_storm	20217	0	2.5
1790449415	stw_mt	20218	0	9.9
1790449425	stw_mt+diag	20218	0	10.9
1790449435	stw_mt+diag	20218	0	10.9
1790449446	stw_mt_hdr_tlab	20218	0	8.2
1790449455	stw_mt_hdr_tlab_nursery	20218	0	14.9
1790449053	pattern_fuzz+diag	20214	0	417.6
1790449471	churn	20218	0	2.2
1790449473	churn_hdr	20218	0	2.6
1790449475	index_grow	20218	0	1.7
1790449477	thread_storm	20218	0	2.0
1790449479	stw_mt	20219	0	13.7
1790449493	stw_mt+diag	20219	0	12.2
1790449505	stw_mt+diag	20219	0	11.6
1790449516	stw_mt_hdr_tlab	20219	0	10.4
1790449527	stw_mt_hdr_tlab_nursery	20219	0	12.6
1790449116	pattern_fuzz+diag	20215	0	425.4
1790449542	churn	20219	0	1.9
1790449544	churn_hdr	20219	0	2.4
1790449546	index_grow	20219	0	2.0
1790449548	thread_storm	20219	0	3.3
1790449552	stw_mt	20220	0	11.2
1790449563	stw_mt+diag	20220	0	11.4
1790449574	stw_mt+diag	20220	0	11.7
1790449586	stw_mt_hdr_tlab	20220	0	10.2
1790449596	stw_mt_hdr_tlab_nursery	20220	0	15.1
1790449195	pattern_fuzz+diag	20216	0	423.0
1790449617	churn	20220	0	2.3
1790449620	churn_hdr	20220	0	1.9
1790449622	index_grow	20220	0	2.2
1790449624	thread_storm	20220	0	2.6
1790449626	stw_mt	20221	0	11.7
1790449638	stw_mt+diag	20221	0	11.2
1790449649	stw_mt+diag	20221	0	8.7
1790449658	stw_mt_hdr_tlab	20221	0	10.0
1790449668	stw_mt_hdr_tlab_nursery	20221	0	13.9
1790449337	pattern_fuzz+diag	20217	0	392.0
1790449729	churn	20221	0	0.6
1790449730	churn_hdr	20221	0	0.6
1790449731	index_grow	20221	0	4.7
1790449735	thread_storm	20221	0	0.8
1790449736	stw_mt	20222	0	2.6
1790449739	stw_mt+diag	20222	0	2.5
1790449741	stw_mt+diag	20222	0	2.6
1790449744	stw_mt_hdr_tlab	20222	0	2.3
1790449746	stw_mt_hdr_tlab_nursery	20222	0	4.2
1790449469	pattern_fuzz+diag	20218	0	305.4
1790449775	churn	20222	0	0.7
1790449775	churn_hdr	20222	0	0.6
1790449776	index_grow	20222	0	2.9
1790449779	thread_storm	20222	0	0.8
1790449780	stw_mt	20223	0	2.5
1790449782	stw_mt+diag	20223	0	2.4
1790449785	stw_mt+diag	20223	0	2.5
1790449787	stw_mt_hdr_tlab	20223	0	2.4
1790449790	stw_mt_hdr_tlab_nursery	20223	0	4.0
1790449539	pattern_fuzz+diag	20219	0	268.5
1790449808	churn	20223	0	0.7
1790449809	churn_hdr	20223	0	0.7
1790449809	index_grow	20223	0	3.8
1790449813	thread_storm	20223	0	0.9
1790449814	stw_mt	20224	0	2.8
1790449817	stw_mt+diag	20224	0	2.7
1790449819	stw_mt+diag	20224	0	2.7
1790449822	stw_mt_hdr_tlab	20224	0	2.4
1790449824	stw_mt_hdr_tlab_nursery	20224	0	14.9
1790449611	pattern_fuzz+diag	20220	0	236.2
1790449847	churn	20224	0	2.4
1790449850	churn_hdr	20224	0	2.3
1790449852	index_grow	20224	0	0.9
1790449853	thread_storm	20224	0	2.4
1790449855	stw_mt	20225	0	10.8
1790449866	stw_mt+diag	20225	0	12.2
1790449878	stw_mt+diag	20225	0	13.1
1790449891	stw_mt_hdr_tlab	20225	0	8.7
1790449900	stw_mt_hdr_tlab_nursery	20225	0	15.4
1790449682	pattern_fuzz+diag	20221	0	239.8
1790449922	churn	20225	0	2.1
1790449924	churn_hdr	20225	0	2.1
1790449926	index_grow	20225	0	1.1
1790449927	thread_storm	20225	0	3.0
1790449930	stw_mt	20226	0	13.1
1790449943	stw_mt+diag	20226	0	12.6
1790449956	stw_mt+diag	20226	0	12.8
1790449969	stw_mt_hdr_tlab	20226	0	8.1
1790449977	stw_mt_hdr_tlab_nursery	20226	0	16.3
1790449750	pattern_fuzz+diag	20222	0	306.0
1790450056	churn	20226	0	2.2
1790450059	churn_hdr	20226	0	1.5
1790450060	index_grow	20226	0	4.0
1790450064	thread_storm	20226	0	0.8
1790450065	stw_mt	20227	0	2.6
1790450067	stw_mt+diag	20227	0	2.7
1790450070	stw_mt+diag	20227	0	2.8
1790450073	stw_mt_hdr_tlab	20227	0	2.5
1790450076	stw_mt_hdr_tlab_nursery	20227	0	4.3
1790449794	pattern_fuzz+diag	20223	0	309.4
1790450103	churn	20227	0	0.7
1790450104	churn_hdr	20227	0	0.7
1790450104	index_grow	20227	0	3.6
1790450108	thread_storm	20227	0	0.9
1790450109	stw_mt	20228	0	2.5
1790450111	stw_mt+diag	20228	0	2.6
1790450114	stw_mt+diag	20228	0	2.8
1790450117	stw_mt_hdr_tlab	20228	0	2.5
1790450119	stw_mt_hdr_tlab_nursery	20228	0	4.5
1790449839	pattern_fuzz+diag	20224	0	304.5
1790450144	churn	20228	0	0.7
1790450145	churn_hdr	20228	0	0.6
1790450145	index_grow	20228	0	3.6
1790450149	thread_storm	20228	0	0.8
1790450150	stw_mt	20229	0	2.8
1790450152	stw_mt+diag	20229	0	2.6
1790450155	stw_mt+diag	20229	0	2.6
1790450158	stw_mt_hdr_tlab	20229	0	2.5
1790450160	stw_mt_hdr_tlab_nursery	20229	0	4.2
1790449915	pattern_fuzz+diag	20225	0	263.4
1790450179	churn	20229	0	2.0
1790450181	churn_hdr	20229	0	2.5
1790450183	index_grow	20229	0	1.8
1790450185	thread_storm	20229	0	2.0
1790450187	stw_mt	20230	0	12.8
1790450200	stw_mt+diag	20230	0	10.2
1790450210	stw_mt+diag	20230	0	10.4
1790450220	stw_mt_hdr_tlab	20230	0	10.9
1790450231	stw_mt_hdr_tlab_nursery	20230	0	13.6
1790449993	pattern_fuzz+diag	20226	0	255.8
1790450249	churn	20230	0	2.1
1790450251	churn_hdr	20230	0	2.5
1790450253	index_grow	20230	0	2.2
1790450255	thread_storm	20230	0	2.2
1790450258	stw_mt	20231	0	11.8
1790450270	stw_mt+diag	20231	0	11.8
1790450281	stw_mt+diag	20231	0	11.0
1790450292	stw_mt_hdr_tlab	20231	0	9.0
1790450301	stw_mt_hdr_tlab_nursery	20231	0	14.3
1790450080	pattern_fuzz+diag	20227	0	282.4
1790450362	churn	20231	0	2.4
1790450365	churn_hdr	20231	0	2.3
1790450367	index_grow	20231	0	1.9
1790450369	thread_storm	20231	0	2.4
1790450371	stw_mt	20232	0	10.3
1790450382	stw_mt+diag	20232	0	12.1
1790450394	stw_mt+diag	20232	0	11.7
1790450405	stw_mt_hdr_tlab	20232	0	11.2
1790450416	stw_mt_hdr_tlab_nursery	20232	0	14.4
1790450124	pattern_fuzz+diag	20228	0	330.3
1790450164	pattern_fuzz+diag	20229	0	327.0
1790450245	pattern_fuzz+diag	20230	0	278.8
1790450316	pattern_fuzz+diag	20231	0	234.7
1790450431	pattern_fuzz+diag	20232	0	161.3
